,Overrun_distribution
0,dict_items([])
1,dict_items([])
2,dict_items([])
3,dict_items([])
4,dict_items([])
5,dict_items([])
6,dict_items([])
7,dict_items([])
8,dict_items([])
9,dict_items([])
10,dict_items([])
11,dict_items([])
12,dict_items([])
13,dict_items([])
14,dict_items([])
15,"dict_items([(0, [Task<157, HIGH>]), (1, [Task<2157, HIGH>]), (2, [Task<2158, HIGH>]), (3, [Task<153, HIGH>])])"
16,dict_items([])
17,dict_items([])
18,"dict_items([(0, [Task<189, HIGH>]), (1, [Task<2189, HIGH>]), (2, [Task<2190, HIGH>]), (3, [Task<185, HIGH>])])"
19,dict_items([])
20,"dict_items([(0, [Task<203, HIGH>]), (1, [Task<2203, HIGH>]), (2, [Task<2204, HIGH>]), (3, [Task<209, HIGH>, Task<207, HIGH>, Task<201, HIGH>])])"
21,dict_items([])
22,dict_items([])
23,dict_items([])
24,"dict_items([(0, [Task<241, HIGH>]), (1, [Task<2241, HIGH>]), (2, [Task<2242, HIGH>]), (3, [Task<245, HIGH>, Task<247, HIGH>])])"
25,"dict_items([(0, [Task<251, HIGH>, Task<2256, HIGH>, Task<253, HIGH>]), (1, [Task<2251, HIGH>, Task<255, HIGH>]), (2, [Task<2252, HIGH>, Task<259, HIGH>, Task<2259, HIGH>, Task<2260, HIGH>, Task<2253, HIGH>]), (3, [Task<257, HIGH>, Task<2255, HIGH>, Task<2254, HIGH>])])"
26,dict_items([])
27,dict_items([])
28,dict_items([])
29,dict_items([])
30,dict_items([])
31,dict_items([])
32,dict_items([])
33,dict_items([])
34,"dict_items([(0, [Task<349, HIGH>, Task<2345, HIGH>, Task<347, HIGH>]), (1, [Task<2349, HIGH>, Task<2341, HIGH>, Task<2348, HIGH>, Task<2343, HIGH>]), (2, [Task<2350, HIGH>, Task<2342, HIGH>, Task<2347, HIGH>, Task<2344, HIGH>]), (3, [Task<345, HIGH>, Task<2346, HIGH>, Task<341, HIGH>])])"
35,dict_items([])
36,dict_items([])
37,dict_items([])
38,dict_items([])
39,"dict_items([(0, [Task<399, HIGH>]), (1, [Task<2399, HIGH>]), (2, [Task<2400, HIGH>]), (3, [Task<391, HIGH>])])"
40,dict_items([])
41,dict_items([])
42,dict_items([])
43,dict_items([])
44,"dict_items([(0, [Task<445, HIGH>]), (1, [Task<2445, HIGH>]), (2, [Task<2446, HIGH>])])"
45,dict_items([])
46,dict_items([])
47,dict_items([])
48,dict_items([])
49,dict_items([])
50,dict_items([])
51,dict_items([])
52,"dict_items([(0, [Task<525, HIGH>, Task<2522, HIGH>]), (1, [Task<2525, HIGH>, Task<521, HIGH>]), (2, [Task<2526, HIGH>]), (3, [Task<523, HIGH>, Task<2521, HIGH>])])"
53,dict_items([])
54,dict_items([])
55,dict_items([])
56,dict_items([])
57,dict_items([])
58,dict_items([])
59,dict_items([])
60,dict_items([])
61,dict_items([])
62,"dict_items([(0, [Task<627, HIGH>]), (1, [Task<2627, HIGH>]), (2, [Task<2628, HIGH>]), (3, [Task<625, HIGH>, Task<621, HIGH>])])"
63,dict_items([])
64,dict_items([])
65,dict_items([])
66,dict_items([])
67,dict_items([])
68,"dict_items([(0, [Task<683, HIGH>]), (1, [Task<2683, HIGH>]), (2, [Task<2684, HIGH>]), (3, [Task<681, HIGH>])])"
69,dict_items([])
70,dict_items([])
71,dict_items([])
72,dict_items([])
73,dict_items([])
74,dict_items([])
75,dict_items([])
76,dict_items([])
77,dict_items([])
78,dict_items([])
79,"dict_items([(0, [Task<799, HIGH>]), (1, [Task<2799, HIGH>]), (2, [Task<2800, HIGH>])])"
80,dict_items([])
81,dict_items([])
82,dict_items([])
83,dict_items([])
84,dict_items([])
85,dict_items([])
86,dict_items([])
87,dict_items([])
88,"dict_items([(0, [Task<883, HIGH>]), (1, [Task<2883, HIGH>]), (2, [Task<2884, HIGH>]), (3, [Task<885, HIGH>])])"
89,"dict_items([(0, [Task<893, HIGH>]), (1, [Task<2893, HIGH>]), (2, [Task<2894, HIGH>]), (3, [Task<899, HIGH>])])"
90,dict_items([])
91,dict_items([])
92,dict_items([])
93,dict_items([])
94,"dict_items([(0, [Task<947, HIGH>, Task<941, HIGH>]), (1, [Task<2947, HIGH>, Task<2941, HIGH>]), (2, [Task<2948, HIGH>, Task<2946, HIGH>]), (3, [Task<943, HIGH>, Task<2942, HIGH>])])"
95,dict_items([])
96,dict_items([])
97,dict_items([])
98,dict_items([])
99,dict_items([])
100,dict_items([])
101,"dict_items([(0, [Task<1015, HIGH>]), (1, [Task<3015, HIGH>]), (2, [Task<3016, HIGH>]), (3, [Task<1011, HIGH>, Task<1019, HIGH>])])"
102,dict_items([])
103,dict_items([])
104,dict_items([])
105,dict_items([])
106,"dict_items([(0, [Task<1061, HIGH>]), (1, [Task<3061, HIGH>]), (2, [Task<3062, HIGH>]), (3, [Task<1069, HIGH>])])"
107,dict_items([])
108,dict_items([])
109,dict_items([])
110,dict_items([])
111,dict_items([])
112,dict_items([])
113,dict_items([])
114,dict_items([])
115,dict_items([])
116,dict_items([])
117,dict_items([])
118,dict_items([])
119,dict_items([])
120,dict_items([])
121,dict_items([])
122,dict_items([])
123,dict_items([])
124,dict_items([])
125,dict_items([])
126,dict_items([])
127,dict_items([])
128,dict_items([])
129,dict_items([])
130,dict_items([])
131,dict_items([])
132,"dict_items([(0, [Task<1327, HIGH>]), (1, [Task<3327, HIGH>]), (2, [Task<3328, HIGH>])])"
133,dict_items([])
134,dict_items([])
135,dict_items([])
136,dict_items([])
137,dict_items([])
138,dict_items([])
139,dict_items([])
140,dict_items([])
141,dict_items([])
142,dict_items([])
143,dict_items([])
144,dict_items([])
145,dict_items([])
146,dict_items([])
147,dict_items([])
148,dict_items([])
149,dict_items([])
150,dict_items([])
151,dict_items([])
152,dict_items([])
153,"dict_items([(0, [Task<1537, HIGH>]), (1, [Task<3537, HIGH>]), (2, [Task<3538, HIGH>]), (3, [Task<1539, HIGH>, Task<1535, HIGH>])])"
154,dict_items([])
155,dict_items([])
156,dict_items([])
157,dict_items([])
158,dict_items([])
159,dict_items([])
160,"dict_items([(0, [Task<1605, HIGH>, Task<3610, HIGH>]), (1, [Task<3605, HIGH>, Task<1609, HIGH>]), (2, [Task<3606, HIGH>, Task<3609, HIGH>]), (3, [Task<1607, HIGH>, Task<3607, HIGH>])])"
161,dict_items([])
162,dict_items([])
163,dict_items([])
164,dict_items([])
165,"dict_items([(0, [Task<1659, HIGH>]), (1, [Task<3659, HIGH>]), (2, [Task<3660, HIGH>]), (3, [Task<1657, HIGH>])])"
166,dict_items([])
167,dict_items([])
168,dict_items([])
169,dict_items([])
170,dict_items([])
171,dict_items([])
172,"dict_items([(0, [Task<1727, HIGH>]), (1, [Task<3727, HIGH>]), (2, [Task<3728, HIGH>]), (3, [Task<1723, HIGH>, Task<1721, HIGH>])])"
173,dict_items([])
174,"dict_items([(0, [Task<1745, HIGH>, Task<3743, HIGH>]), (1, [Task<3745, HIGH>, Task<1749, HIGH>, Task<3750, HIGH>, Task<3741, HIGH>]), (2, [Task<3746, HIGH>, Task<3749, HIGH>, Task<1747, HIGH>, Task<3747, HIGH>]), (3, [Task<1743, HIGH>, Task<3744, HIGH>, Task<1741, HIGH>])])"
175,dict_items([])
176,"dict_items([(0, [Task<1763, HIGH>, Task<3762, HIGH>]), (1, [Task<3763, HIGH>]), (2, [Task<3764, HIGH>]), (3, [Task<1767, HIGH>, Task<1761, HIGH>, Task<3761, HIGH>])])"
177,dict_items([])
178,dict_items([])
179,dict_items([])
180,dict_items([])
181,"dict_items([(0, [Task<1819, HIGH>, Task<1817, HIGH>]), (1, [Task<3819, HIGH>, Task<3817, HIGH>]), (2, [Task<3820, HIGH>, Task<1813, HIGH>]), (3, [Task<1815, HIGH>, Task<3818, HIGH>])])"
182,"dict_items([(0, [Task<1823, HIGH>, Task<1829, HIGH>]), (1, [Task<3823, HIGH>, Task<3829, HIGH>]), (2, [Task<3824, HIGH>, Task<3830, HIGH>]), (3, [Task<1825, HIGH>, Task<3828, HIGH>])])"
183,dict_items([])
184,dict_items([])
185,dict_items([])
186,dict_items([])
187,dict_items([])
188,"dict_items([(0, [Task<1887, HIGH>, Task<3886, HIGH>]), (1, [Task<3887, HIGH>, Task<3885, HIGH>]), (2, [Task<3888, HIGH>, Task<1885, HIGH>]), (3, [Task<1883, HIGH>, Task<1889, HIGH>])])"
189,dict_items([])
190,dict_items([])
191,dict_items([])
192,dict_items([])
193,dict_items([])
194,dict_items([])
195,dict_items([])
196,dict_items([])
197,dict_items([])
198,dict_items([])
199,dict_items([])
