,task_distributation
0,"dict_items([(0, [Task<8, LOW>]), (1, [Task<5, HIGH>, Task<2001, HIGH>, Task<2004, HIGH>]), (2, [Task<2005, HIGH>, Task<2002, HIGH>]), (3, [Task<2006, HIGH>, Task<7, HIGH>, Task<2003, HIGH>]), (4, [Task<10, LOW>, Task<1, HIGH>, Task<3, HIGH>]), (5, [Task<9, HIGH>, Task<2, LOW>]), (6, [Task<2009, HIGH>, Task<4, LOW>, Task<2008, HIGH>]), (7, [Task<2010, HIGH>, Task<6, LOW>, Task<2007, HIGH>])])"
1,"dict_items([(0, [Task<20, LOW>]), (1, [Task<18, LOW>, Task<12, LOW>, Task<14, LOW>]), (2, [Task<19, HIGH>, Task<15, HIGH>]), (3, [Task<2019, HIGH>, Task<2015, HIGH>]), (4, [Task<2020, HIGH>, Task<2016, HIGH>]), (5, [Task<13, HIGH>, Task<17, HIGH>]), (6, [Task<2013, HIGH>, Task<2017, HIGH>]), (7, [Task<2014, HIGH>, Task<2018, HIGH>])])"
2,"dict_items([(0, [Task<27, HIGH>, Task<2023, HIGH>]), (1, [Task<2027, HIGH>, Task<2024, HIGH>]), (2, [Task<2028, HIGH>, Task<30, LOW>]), (3, [Task<28, LOW>, Task<23, HIGH>]), (4, [Task<21, HIGH>, Task<29, HIGH>]), (5, [Task<2021, HIGH>, Task<2029, HIGH>]), (6, [Task<2022, HIGH>, Task<2030, HIGH>]), (7, [Task<25, HIGH>, Task<2025, HIGH>])])"
3,"dict_items([(0, [Task<34, LOW>, Task<2031, HIGH>]), (1, [Task<37, HIGH>, Task<2033, HIGH>]), (2, [Task<2037, HIGH>, Task<2034, HIGH>]), (3, [Task<2038, HIGH>, Task<31, HIGH>, Task<32, LOW>]), (4, [Task<39, HIGH>, Task<2035, HIGH>]), (5, [Task<2039, HIGH>, Task<2036, HIGH>]), (6, [Task<2040, HIGH>, Task<33, HIGH>, Task<40, LOW>]), (7, [Task<36, LOW>, Task<35, HIGH>])])"
4,"dict_items([(0, [Task<49, HIGH>, Task<43, HIGH>]), (1, [Task<2049, HIGH>, Task<2043, HIGH>]), (2, [Task<2050, HIGH>, Task<2044, HIGH>]), (3, [Task<45, HIGH>, Task<41, HIGH>, Task<50, LOW>]), (4, [Task<2045, HIGH>, Task<2041, HIGH>]), (5, [Task<2046, HIGH>, Task<2042, HIGH>]), (6, [Task<48, LOW>, Task<44, LOW>]), (7, [Task<46, LOW>, Task<42, LOW>])])"
5,"dict_items([(0, [Task<55, HIGH>, Task<53, HIGH>]), (1, [Task<2055, HIGH>, Task<2053, HIGH>]), (2, [Task<2056, HIGH>, Task<2054, HIGH>]), (3, [Task<57, HIGH>, Task<59, HIGH>]), (4, [Task<2057, HIGH>, Task<2059, HIGH>]), (5, [Task<2058, HIGH>, Task<2060, HIGH>]), (6, [Task<58, LOW>, Task<54, LOW>]), (7, [Task<56, LOW>, Task<52, LOW>, Task<60, LOW>])])"
6,"dict_items([(0, [Task<66, LOW>]), (1, [Task<67, HIGH>]), (2, [Task<2067, HIGH>]), (3, [Task<2068, HIGH>]), (4, [Task<61, HIGH>, Task<64, LOW>, Task<70, LOW>]), (5, [Task<2061, HIGH>, Task<62, LOW>, Task<2070, HIGH>]), (6, [Task<2062, HIGH>, Task<69, HIGH>, Task<2069, HIGH>]), (7, [Task<68, LOW>, Task<65, HIGH>])])"
7,"dict_items([(0, [Task<79, HIGH>]), (1, [Task<2079, HIGH>]), (2, [Task<2080, HIGH>]), (3, [Task<76, LOW>, Task<2076, HIGH>]), (4, [Task<74, LOW>, Task<77, HIGH>, Task<80, LOW>]), (5, [Task<73, HIGH>, Task<71, HIGH>, Task<72, LOW>]), (6, [Task<2073, HIGH>, Task<2071, HIGH>, Task<75, HIGH>]), (7, [Task<2074, HIGH>, Task<2072, HIGH>, Task<2075, HIGH>])])"
8,"dict_items([(0, [Task<85, HIGH>]), (1, [Task<2085, HIGH>]), (2, [Task<2086, HIGH>]), (3, [Task<81, HIGH>, Task<82, LOW>]), (4, [Task<2081, HIGH>, Task<84, LOW>]), (5, [Task<2082, HIGH>]), (6, [Task<90, LOW>, Task<86, LOW>]), (7, [Task<87, HIGH>, Task<83, HIGH>, Task<88, LOW>])])"
9,"dict_items([(0, [Task<93, HIGH>]), (1, [Task<2093, HIGH>]), (2, [Task<2094, HIGH>]), (3, [Task<95, HIGH>, Task<2099, HIGH>]), (4, [Task<2095, HIGH>, Task<2100, HIGH>]), (5, [Task<2096, HIGH>, Task<96, LOW>, Task<97, HIGH>, Task<2097, HIGH>, Task<91, HIGH>, Task<2091, HIGH>]), (6, [Task<98, LOW>, Task<99, HIGH>]), (7, [Task<92, LOW>, Task<94, LOW>, Task<2098, HIGH>, Task<2092, HIGH>])])"
10,"dict_items([(0, [Task<107, HIGH>, Task<109, HIGH>]), (1, [Task<2107, HIGH>, Task<2109, HIGH>]), (2, [Task<2108, HIGH>, Task<2110, HIGH>]), (3, [Task<103, HIGH>, Task<101, HIGH>]), (4, [Task<2103, HIGH>, Task<2101, HIGH>]), (5, [Task<2104, HIGH>, Task<2102, HIGH>]), (6, [Task<108, LOW>, Task<102, LOW>, Task<110, LOW>]), (7, [Task<104, LOW>, Task<106, LOW>])])"
11,"dict_items([(0, [Task<118, LOW>, Task<111, HIGH>]), (1, [Task<119, HIGH>, Task<114, LOW>]), (2, [Task<2119, HIGH>, Task<115, HIGH>, Task<120, LOW>]), (3, [Task<2120, HIGH>, Task<2115, HIGH>]), (4, [Task<117, HIGH>, Task<2113, HIGH>]), (5, [Task<2117, HIGH>, Task<2114, HIGH>]), (6, [Task<2118, HIGH>, Task<116, LOW>]), (7, [Task<112, LOW>, Task<113, HIGH>])])"
12,"dict_items([(0, [Task<128, LOW>]), (1, [Task<129, HIGH>, Task<122, LOW>]), (2, [Task<2129, HIGH>]), (3, [Task<2130, HIGH>]), (4, [Task<124, LOW>, Task<2122, HIGH>]), (5, [Task<125, HIGH>, Task<123, HIGH>, Task<130, LOW>, Task<2128, HIGH>]), (6, [Task<2125, HIGH>, Task<2123, HIGH>, Task<121, HIGH>, Task<127, HIGH>]), (7, [Task<2126, HIGH>, Task<2124, HIGH>, Task<2121, HIGH>, Task<2127, HIGH>])])"
13,"dict_items([(0, [Task<136, LOW>]), (1, [Task<131, HIGH>, Task<137, HIGH>, Task<2133, HIGH>]), (2, [Task<2131, HIGH>, Task<2137, HIGH>, Task<2134, HIGH>]), (3, [Task<2132, HIGH>, Task<2138, HIGH>, Task<134, LOW>]), (4, [Task<140, LOW>, Task<138, LOW>, Task<133, HIGH>]), (5, [Task<132, LOW>, Task<2139, HIGH>]), (6, [Task<135, HIGH>, Task<2136, HIGH>]), (7, [Task<2135, HIGH>, Task<139, HIGH>])])"
14,"dict_items([(0, [Task<144, LOW>]), (1, [Task<150, LOW>]), (2, [Task<149, HIGH>, Task<2143, HIGH>]), (3, [Task<2149, HIGH>, Task<2144, HIGH>]), (4, [Task<2150, HIGH>]), (5, [Task<141, HIGH>, Task<142, LOW>]), (6, [Task<2141, HIGH>, Task<148, LOW>]), (7, [Task<2142, HIGH>, Task<146, LOW>, Task<145, HIGH>, Task<2145, HIGH>, Task<2146, HIGH>, Task<143, HIGH>])])"
15,"dict_items([(0, [Task<155, HIGH>]), (1, [Task<2155, HIGH>]), (2, [Task<2156, HIGH>]), (3, [Task<152, LOW>, Task<151, HIGH>, Task<2151, HIGH>, Task<2152, HIGH>]), (4, [Task<157, HIGH>, Task<2153, HIGH>]), (5, [Task<2157, HIGH>, Task<2154, HIGH>]), (6, [Task<2158, HIGH>, Task<156, LOW>, Task<154, LOW>]), (7, [Task<160, LOW>, Task<153, HIGH>, Task<158, LOW>])])"
16,"dict_items([(0, [Task<168, LOW>]), (1, [Task<169, HIGH>, Task<2163, HIGH>]), (2, [Task<2169, HIGH>, Task<2164, HIGH>]), (3, [Task<2170, HIGH>, Task<166, LOW>]), (4, [Task<164, LOW>, Task<2161, HIGH>, Task<163, HIGH>]), (5, [Task<165, HIGH>, Task<170, LOW>]), (6, [Task<2165, HIGH>, Task<162, LOW>]), (7, [Task<2166, HIGH>, Task<161, HIGH>, Task<2162, HIGH>])])"
17,"dict_items([(0, [Task<179, HIGH>]), (1, [Task<2179, HIGH>]), (2, [Task<2180, HIGH>]), (3, [Task<180, LOW>, Task<178, LOW>, Task<172, LOW>]), (4, [Task<173, HIGH>, Task<171, HIGH>, Task<177, HIGH>]), (5, [Task<2173, HIGH>, Task<2171, HIGH>, Task<2177, HIGH>]), (6, [Task<2174, HIGH>, Task<2172, HIGH>, Task<2178, HIGH>]), (7, [Task<174, LOW>, Task<176, LOW>])])"
18,"dict_items([(0, [Task<182, LOW>]), (1, [Task<187, HIGH>, Task<2182, HIGH>]), (2, [Task<2187, HIGH>, Task<186, LOW>]), (3, [Task<2188, HIGH>]), (4, [Task<188, LOW>, Task<2186, HIGH>]), (5, [Task<190, LOW>, Task<2183, HIGH>, Task<2185, HIGH>]), (6, [Task<189, HIGH>, Task<2190, HIGH>, Task<2184, HIGH>, Task<181, HIGH>, Task<2181, HIGH>]), (7, [Task<2189, HIGH>, Task<184, LOW>, Task<183, HIGH>, Task<185, HIGH>])])"
19,"dict_items([(0, [Task<200, LOW>]), (1, [Task<192, LOW>, Task<2199, HIGH>]), (2, [Task<195, HIGH>, Task<2198, HIGH>]), (3, [Task<2195, HIGH>, Task<193, HIGH>, Task<2200, HIGH>]), (4, [Task<2196, HIGH>, Task<2193, HIGH>, Task<194, LOW>]), (5, [Task<198, LOW>, Task<2197, HIGH>]), (6, [Task<196, LOW>, Task<2192, HIGH>, Task<199, HIGH>]), (7, [Task<191, HIGH>, Task<2191, HIGH>, Task<197, HIGH>, Task<2194, HIGH>])])"
20,"dict_items([(0, [Task<207, HIGH>]), (1, [Task<2207, HIGH>]), (2, [Task<2208, HIGH>]), (3, [Task<206, LOW>, Task<209, HIGH>, Task<210, LOW>]), (4, [Task<203, HIGH>, Task<201, HIGH>, Task<2209, HIGH>]), (5, [Task<2203, HIGH>, Task<2201, HIGH>, Task<2210, HIGH>]), (6, [Task<2204, HIGH>, Task<2202, HIGH>, Task<204, LOW>]), (7, [Task<202, LOW>, Task<208, LOW>])])"
21,"dict_items([(0, [Task<220, LOW>, Task<218, LOW>]), (1, [Task<211, HIGH>, Task<2213, HIGH>]), (2, [Task<2211, HIGH>, Task<2214, HIGH>]), (3, [Task<2212, HIGH>, Task<214, LOW>]), (4, [Task<217, HIGH>, Task<2219, HIGH>]), (5, [Task<2217, HIGH>, Task<2220, HIGH>]), (6, [Task<2218, HIGH>, Task<213, HIGH>]), (7, [Task<216, LOW>, Task<219, HIGH>, Task<212, LOW>])])"
22,"dict_items([(0, [Task<227, HIGH>, Task<2230, HIGH>]), (1, [Task<2227, HIGH>, Task<228, LOW>]), (2, [Task<2228, HIGH>]), (3, [Task<223, HIGH>, Task<226, LOW>]), (4, [Task<2223, HIGH>, Task<222, LOW>]), (5, [Task<2224, HIGH>, Task<229, HIGH>, Task<2229, HIGH>]), (6, [Task<224, LOW>, Task<230, LOW>]), (7, [Task<221, HIGH>, Task<225, HIGH>])])"
23,"dict_items([(0, [Task<232, LOW>, Task<239, HIGH>, Task<2239, HIGH>, Task<2240, HIGH>]), (1, [Task<236, LOW>, Task<240, LOW>]), (2, [Task<231, HIGH>, Task<237, HIGH>]), (3, [Task<2231, HIGH>, Task<2237, HIGH>]), (4, [Task<2232, HIGH>, Task<2238, HIGH>]), (5, [Task<238, LOW>, Task<2233, HIGH>, Task<234, LOW>]), (6, [Task<235, HIGH>, Task<2236, HIGH>]), (7, [Task<2235, HIGH>, Task<233, HIGH>, Task<2234, HIGH>])])"
24,"dict_items([(0, [Task<250, LOW>]), (1, [Task<241, HIGH>, Task<2246, HIGH>]), (2, [Task<2241, HIGH>, Task<242, LOW>]), (3, [Task<2242, HIGH>, Task<247, HIGH>, Task<2247, HIGH>, Task<2248, HIGH>]), (4, [Task<246, LOW>, Task<2245, HIGH>]), (5, [Task<249, HIGH>, Task<244, LOW>]), (6, [Task<2249, HIGH>, Task<248, LOW>]), (7, [Task<2250, HIGH>, Task<245, HIGH>])])"
25,"dict_items([(0, [Task<254, LOW>, Task<255, HIGH>]), (1, [Task<259, HIGH>, Task<2251, HIGH>]), (2, [Task<2259, HIGH>, Task<2252, HIGH>]), (3, [Task<2260, HIGH>, Task<258, LOW>, Task<2255, HIGH>]), (4, [Task<253, HIGH>, Task<252, LOW>]), (5, [Task<2253, HIGH>, Task<256, LOW>]), (6, [Task<2254, HIGH>, Task<251, HIGH>, Task<2256, HIGH>]), (7, [Task<257, HIGH>, Task<2257, HIGH>])])"
26,"dict_items([(0, [Task<270, LOW>]), (1, [Task<267, HIGH>, Task<264, LOW>]), (2, [Task<2267, HIGH>]), (3, [Task<2268, HIGH>]), (4, [Task<269, HIGH>, Task<265, HIGH>]), (5, [Task<2269, HIGH>, Task<2265, HIGH>]), (6, [Task<2270, HIGH>, Task<2266, HIGH>]), (7, [Task<261, HIGH>, Task<2261, HIGH>, Task<2262, HIGH>, Task<268, LOW>])])"
27,"dict_items([(0, [Task<276, LOW>]), (1, [Task<279, HIGH>, Task<2273, HIGH>]), (2, [Task<2279, HIGH>, Task<2274, HIGH>]), (3, [Task<2280, HIGH>, Task<278, LOW>]), (4, [Task<271, HIGH>, Task<280, LOW>]), (5, [Task<2271, HIGH>, Task<272, LOW>, Task<2275, HIGH>]), (6, [Task<2272, HIGH>, Task<273, HIGH>, Task<275, HIGH>, Task<2276, HIGH>]), (7, [Task<277, HIGH>, Task<2277, HIGH>])])"
28,"dict_items([(0, [Task<284, LOW>, Task<2283, HIGH>]), (1, [Task<289, HIGH>, Task<290, LOW>]), (2, [Task<2289, HIGH>, Task<288, LOW>]), (3, [Task<2290, HIGH>, Task<283, HIGH>, Task<286, LOW>]), (4, [Task<287, HIGH>, Task<281, HIGH>]), (5, [Task<2287, HIGH>, Task<2281, HIGH>]), (6, [Task<2288, HIGH>, Task<2282, HIGH>]), (7, [Task<285, HIGH>, Task<2285, HIGH>])])"
29,"dict_items([(0, [Task<295, HIGH>, Task<2300, HIGH>]), (1, [Task<2295, HIGH>, Task<297, HIGH>]), (2, [Task<2296, HIGH>, Task<2297, HIGH>]), (3, [Task<293, HIGH>, Task<300, LOW>]), (4, [Task<2293, HIGH>, Task<299, HIGH>]), (5, [Task<2294, HIGH>, Task<2299, HIGH>]), (6, [Task<292, LOW>, Task<291, HIGH>]), (7, [Task<294, LOW>, Task<298, LOW>, Task<2298, HIGH>])])"
30,"dict_items([(0, [Task<302, LOW>, Task<2310, HIGH>]), (1, [Task<303, HIGH>, Task<304, LOW>]), (2, [Task<2303, HIGH>, Task<309, HIGH>]), (3, [Task<2304, HIGH>, Task<2309, HIGH>]), (4, [Task<307, HIGH>, Task<2305, HIGH>]), (5, [Task<2307, HIGH>, Task<2306, HIGH>]), (6, [Task<2308, HIGH>, Task<306, LOW>]), (7, [Task<310, LOW>, Task<308, LOW>, Task<305, HIGH>])])"
31,"dict_items([(0, [Task<318, LOW>, Task<316, LOW>]), (1, [Task<314, LOW>, Task<320, LOW>]), (2, [Task<313, HIGH>, Task<319, HIGH>]), (3, [Task<2313, HIGH>, Task<2319, HIGH>]), (4, [Task<2314, HIGH>, Task<2320, HIGH>]), (5, [Task<315, HIGH>, Task<311, HIGH>, Task<312, LOW>]), (6, [Task<2315, HIGH>, Task<2311, HIGH>]), (7, [Task<2316, HIGH>, Task<2312, HIGH>])])"
32,"dict_items([(0, [Task<323, HIGH>, Task<326, LOW>]), (1, [Task<2323, HIGH>, Task<322, LOW>]), (2, [Task<2324, HIGH>]), (3, [Task<327, HIGH>, Task<325, HIGH>]), (4, [Task<2327, HIGH>, Task<2325, HIGH>]), (5, [Task<2328, HIGH>, Task<2326, HIGH>]), (6, [Task<328, LOW>, Task<324, LOW>]), (7, [Task<330, LOW>, Task<329, HIGH>])])"
33,"dict_items([(0, [Task<339, HIGH>]), (1, [Task<2339, HIGH>]), (2, [Task<2340, HIGH>]), (3, [Task<332, LOW>, Task<334, LOW>]), (4, [Task<336, LOW>, Task<2332, HIGH>, Task<2338, HIGH>]), (5, [Task<335, HIGH>, Task<338, LOW>, Task<340, LOW>]), (6, [Task<2335, HIGH>, Task<331, HIGH>, Task<337, HIGH>]), (7, [Task<2336, HIGH>, Task<2331, HIGH>, Task<2337, HIGH>])])"
34,"dict_items([(0, [Task<347, HIGH>]), (1, [Task<2347, HIGH>]), (2, [Task<2348, HIGH>]), (3, [Task<343, HIGH>, Task<344, LOW>]), (4, [Task<2343, HIGH>, Task<342, LOW>]), (5, [Task<2344, HIGH>]), (6, [Task<349, HIGH>, Task<346, LOW>]), (7, [Task<2349, HIGH>, Task<350, LOW>])])"
35,"dict_items([(0, [Task<352, LOW>, Task<360, LOW>]), (1, [Task<353, HIGH>, Task<351, HIGH>, Task<355, HIGH>]), (2, [Task<2353, HIGH>, Task<2351, HIGH>, Task<2355, HIGH>]), (3, [Task<2354, HIGH>, Task<2352, HIGH>, Task<2356, HIGH>]), (4, [Task<358, LOW>, Task<2358, HIGH>]), (5, [Task<356, LOW>, Task<2357, HIGH>]), (6, [Task<359, HIGH>, Task<2360, HIGH>]), (7, [Task<2359, HIGH>, Task<357, HIGH>, Task<354, LOW>])])"
36,"dict_items([(0, [Task<370, LOW>]), (1, [Task<368, LOW>, Task<2369, HIGH>, Task<367, HIGH>, Task<2367, HIGH>, Task<2368, HIGH>]), (2, [Task<361, HIGH>, Task<365, HIGH>]), (3, [Task<2361, HIGH>, Task<2365, HIGH>]), (4, [Task<2362, HIGH>, Task<2366, HIGH>]), (5, [Task<363, HIGH>, Task<364, LOW>]), (6, [Task<2363, HIGH>, Task<362, LOW>]), (7, [Task<2364, HIGH>, Task<366, LOW>, Task<369, HIGH>, Task<2370, HIGH>])])"
37,"dict_items([(0, [Task<374, LOW>]), (1, [Task<371, HIGH>, Task<2377, HIGH>]), (2, [Task<2371, HIGH>, Task<2378, HIGH>]), (3, [Task<2372, HIGH>]), (4, [Task<373, HIGH>, Task<376, LOW>]), (5, [Task<2373, HIGH>, Task<378, LOW>]), (6, [Task<2374, HIGH>, Task<380, LOW>, Task<377, HIGH>]), (7, [Task<379, HIGH>, Task<372, LOW>])])"
38,"dict_items([(0, [Task<382, LOW>]), (1, [Task<389, HIGH>, Task<2386, HIGH>]), (2, [Task<2389, HIGH>, Task<387, HIGH>]), (3, [Task<2390, HIGH>, Task<2387, HIGH>]), (4, [Task<386, LOW>, Task<388, LOW>, Task<2388, HIGH>]), (5, [Task<384, LOW>, Task<2383, HIGH>, Task<390, LOW>]), (6, [Task<381, HIGH>, Task<2382, HIGH>, Task<385, HIGH>]), (7, [Task<2381, HIGH>, Task<383, HIGH>, Task<2384, HIGH>, Task<2385, HIGH>])])"
39,"dict_items([(0, [Task<391, HIGH>]), (1, [Task<2391, HIGH>]), (2, [Task<2392, HIGH>]), (3, [Task<394, LOW>, Task<392, LOW>, Task<398, LOW>]), (4, [Task<395, HIGH>, Task<397, HIGH>, Task<396, LOW>]), (5, [Task<2395, HIGH>, Task<2397, HIGH>]), (6, [Task<2396, HIGH>, Task<2398, HIGH>]), (7, [Task<393, HIGH>, Task<400, LOW>])])"
40,"dict_items([(0, [Task<410, LOW>, Task<2410, HIGH>]), (1, [Task<405, HIGH>, Task<403, HIGH>]), (2, [Task<2405, HIGH>, Task<2403, HIGH>]), (3, [Task<2406, HIGH>, Task<2404, HIGH>]), (4, [Task<407, HIGH>, Task<404, LOW>, Task<2409, HIGH>]), (5, [Task<2407, HIGH>, Task<401, HIGH>, Task<2402, HIGH>]), (6, [Task<2408, HIGH>, Task<2401, HIGH>, Task<406, LOW>]), (7, [Task<408, LOW>, Task<402, LOW>, Task<409, HIGH>])])"
41,"dict_items([(0, [Task<416, LOW>]), (1, [Task<411, HIGH>, Task<2414, HIGH>]), (2, [Task<2411, HIGH>, Task<419, HIGH>]), (3, [Task<2412, HIGH>, Task<2419, HIGH>]), (4, [Task<412, LOW>, Task<2418, HIGH>, Task<2413, HIGH>]), (5, [Task<418, LOW>, Task<417, HIGH>, Task<2417, HIGH>, Task<413, HIGH>, Task<2420, HIGH>]), (6, [Task<415, HIGH>, Task<2416, HIGH>]), (7, [Task<2415, HIGH>, Task<414, LOW>, Task<420, LOW>])])"
42,"dict_items([(0, [Task<430, LOW>]), (1, [Task<426, LOW>, Task<2430, HIGH>, Task<2423, HIGH>, Task<424, LOW>]), (2, [Task<425, HIGH>, Task<428, LOW>]), (3, [Task<2425, HIGH>, Task<429, HIGH>, Task<422, LOW>]), (4, [Task<2426, HIGH>, Task<2429, HIGH>, Task<423, HIGH>, Task<2424, HIGH>]), (5, [Task<427, HIGH>, Task<421, HIGH>]), (6, [Task<2427, HIGH>, Task<2421, HIGH>]), (7, [Task<2428, HIGH>, Task<2422, HIGH>])])"
43,"dict_items([(0, [Task<433, HIGH>]), (1, [Task<2433, HIGH>]), (2, [Task<2434, HIGH>]), (3, [Task<437, HIGH>, Task<439, HIGH>]), (4, [Task<2437, HIGH>, Task<2439, HIGH>]), (5, [Task<2438, HIGH>, Task<2440, HIGH>]), (6, [Task<432, LOW>, Task<2436, HIGH>]), (7, [Task<435, HIGH>, Task<2435, HIGH>, Task<438, LOW>])])"
44,"dict_items([(0, [Task<441, HIGH>, Task<447, HIGH>]), (1, [Task<2441, HIGH>, Task<2447, HIGH>]), (2, [Task<2442, HIGH>, Task<2448, HIGH>]), (3, [Task<448, LOW>, Task<445, HIGH>]), (4, [Task<443, HIGH>, Task<450, LOW>]), (5, [Task<2443, HIGH>, Task<446, LOW>]), (6, [Task<2444, HIGH>, Task<442, LOW>]), (7, [Task<449, HIGH>, Task<2449, HIGH>])])"
45,"dict_items([(0, [Task<452, LOW>]), (1, [Task<451, HIGH>, Task<458, LOW>]), (2, [Task<2451, HIGH>, Task<457, HIGH>]), (3, [Task<2452, HIGH>, Task<2457, HIGH>]), (4, [Task<454, LOW>, Task<2460, HIGH>]), (5, [Task<453, HIGH>, Task<456, LOW>, Task<2455, HIGH>, Task<460, LOW>]), (6, [Task<2453, HIGH>, Task<459, HIGH>, Task<2458, HIGH>]), (7, [Task<2454, HIGH>, Task<2459, HIGH>, Task<455, HIGH>, Task<2456, HIGH>])])"
46,"dict_items([(0, [Task<462, LOW>, Task<2469, HIGH>]), (1, [Task<468, LOW>, Task<469, HIGH>, Task<2464, HIGH>]), (2, [Task<461, HIGH>, Task<466, LOW>, Task<2463, HIGH>]), (3, [Task<2461, HIGH>, Task<470, LOW>, Task<463, HIGH>]), (4, [Task<2462, HIGH>, Task<464, LOW>, Task<2470, HIGH>]), (5, [Task<467, HIGH>, Task<465, HIGH>]), (6, [Task<2467, HIGH>, Task<2465, HIGH>]), (7, [Task<2468, HIGH>, Task<2466, HIGH>])])"
47,"dict_items([(0, [Task<478, LOW>]), (1, [Task<472, LOW>, Task<479, HIGH>, Task<2479, HIGH>]), (2, [Task<471, HIGH>, Task<2478, HIGH>]), (3, [Task<2471, HIGH>, Task<476, LOW>]), (4, [Task<2472, HIGH>, Task<480, LOW>]), (5, [Task<475, HIGH>, Task<474, LOW>, Task<2474, HIGH>]), (6, [Task<2475, HIGH>, Task<477, HIGH>, Task<473, HIGH>, Task<2480, HIGH>]), (7, [Task<2476, HIGH>, Task<2477, HIGH>, Task<2473, HIGH>])])"
48,"dict_items([(0, [Task<489, HIGH>]), (1, [Task<2489, HIGH>]), (2, [Task<2490, HIGH>]), (3, [Task<483, HIGH>, Task<486, LOW>]), (4, [Task<2483, HIGH>, Task<485, HIGH>, Task<2486, HIGH>]), (5, [Task<2484, HIGH>, Task<2485, HIGH>, Task<484, LOW>]), (6, [Task<482, LOW>, Task<488, LOW>]), (7, [Task<487, HIGH>, Task<2487, HIGH>])])"
49,"dict_items([(0, [Task<495, HIGH>, Task<497, HIGH>]), (1, [Task<2495, HIGH>, Task<2497, HIGH>]), (2, [Task<2496, HIGH>, Task<2498, HIGH>]), (3, [Task<498, LOW>, Task<2499, HIGH>]), (4, [Task<491, HIGH>, Task<500, LOW>]), (5, [Task<2491, HIGH>, Task<492, LOW>]), (6, [Task<2492, HIGH>, Task<499, HIGH>, Task<496, LOW>]), (7, [Task<494, LOW>, Task<493, HIGH>, Task<2500, HIGH>])])"
50,"dict_items([(0, [Task<503, HIGH>, Task<2509, HIGH>]), (1, [Task<2503, HIGH>, Task<2510, HIGH>]), (2, [Task<2504, HIGH>]), (3, [Task<506, LOW>, Task<509, HIGH>]), (4, [Task<501, HIGH>, Task<504, LOW>]), (5, [Task<2501, HIGH>, Task<508, LOW>, Task<507, HIGH>]), (6, [Task<2502, HIGH>, Task<502, LOW>, Task<510, LOW>]), (7, [Task<505, HIGH>, Task<2505, HIGH>])])"
51,"dict_items([(0, [Task<518, LOW>]), (1, [Task<516, LOW>]), (2, [Task<514, LOW>]), (3, [Task<511, HIGH>, Task<519, HIGH>, Task<2515, HIGH>]), (4, [Task<2511, HIGH>, Task<2519, HIGH>, Task<2516, HIGH>]), (5, [Task<2512, HIGH>, Task<2520, HIGH>, Task<517, HIGH>, Task<2518, HIGH>]), (6, [Task<513, HIGH>, Task<2514, HIGH>, Task<515, HIGH>, Task<2517, HIGH>]), (7, [Task<2513, HIGH>, Task<512, LOW>, Task<520, LOW>])])"
52,"dict_items([(0, [Task<527, HIGH>, Task<524, LOW>]), (1, [Task<2527, HIGH>]), (2, [Task<2528, HIGH>]), (3, [Task<526, LOW>, Task<529, HIGH>]), (4, [Task<530, LOW>, Task<522, LOW>]), (5, [Task<523, HIGH>, Task<525, HIGH>, Task<2529, HIGH>]), (6, [Task<2523, HIGH>, Task<2525, HIGH>, Task<2530, HIGH>]), (7, [Task<2524, HIGH>, Task<2526, HIGH>, Task<528, LOW>])])"
53,"dict_items([(0, [Task<539, HIGH>, Task<2534, HIGH>]), (1, [Task<2539, HIGH>, Task<538, LOW>]), (2, [Task<2540, HIGH>]), (3, [Task<534, LOW>, Task<533, HIGH>, Task<2533, HIGH>]), (4, [Task<532, LOW>, Task<540, LOW>]), (5, [Task<531, HIGH>, Task<536, LOW>, Task<2536, HIGH>]), (6, [Task<2531, HIGH>, Task<537, HIGH>, Task<535, HIGH>]), (7, [Task<2532, HIGH>, Task<2537, HIGH>, Task<2535, HIGH>])])"
54,"dict_items([(0, [Task<546, LOW>]), (1, [Task<543, HIGH>, Task<548, LOW>]), (2, [Task<2543, HIGH>, Task<544, LOW>]), (3, [Task<2544, HIGH>, Task<549, HIGH>, Task<2549, HIGH>, Task<2550, HIGH>]), (4, [Task<541, HIGH>, Task<545, HIGH>]), (5, [Task<2541, HIGH>, Task<2545, HIGH>]), (6, [Task<2542, HIGH>, Task<2546, HIGH>]), (7, [Task<542, LOW>, Task<550, LOW>, Task<547, HIGH>])])"
55,"dict_items([(0, [Task<554, LOW>]), (1, [Task<560, LOW>, Task<2553, HIGH>]), (2, [Task<557, HIGH>, Task<551, HIGH>]), (3, [Task<2557, HIGH>, Task<2551, HIGH>]), (4, [Task<2558, HIGH>, Task<2552, HIGH>]), (5, [Task<559, HIGH>, Task<556, LOW>, Task<553, HIGH>]), (6, [Task<2559, HIGH>, Task<555, HIGH>, Task<2556, HIGH>, Task<558, LOW>]), (7, [Task<2560, HIGH>, Task<2555, HIGH>, Task<552, LOW>, Task<2554, HIGH>])])"
56,"dict_items([(0, [Task<570, LOW>, Task<2567, HIGH>]), (1, [Task<568, LOW>, Task<567, HIGH>]), (2, [Task<564, LOW>, Task<2570, HIGH>]), (3, [Task<566, LOW>, Task<2569, HIGH>, Task<563, HIGH>, Task<2563, HIGH>, Task<2564, HIGH>]), (4, [Task<561, HIGH>, Task<2566, HIGH>]), (5, [Task<2561, HIGH>, Task<562, LOW>]), (6, [Task<2562, HIGH>, Task<569, HIGH>, Task<2568, HIGH>]), (7, [Task<565, HIGH>, Task<2565, HIGH>])])"
57,"dict_items([(0, [Task<580, LOW>, Task<2578, HIGH>]), (1, [Task<571, HIGH>, Task<2573, HIGH>]), (2, [Task<2571, HIGH>, Task<2574, HIGH>]), (3, [Task<2572, HIGH>, Task<577, HIGH>, Task<2577, HIGH>, Task<578, LOW>]), (4, [Task<574, LOW>, Task<573, HIGH>]), (5, [Task<572, LOW>, Task<2580, HIGH>]), (6, [Task<575, HIGH>, Task<579, HIGH>]), (7, [Task<2575, HIGH>, Task<2579, HIGH>])])"
58,"dict_items([(0, [Task<585, HIGH>, Task<2581, HIGH>]), (1, [Task<2585, HIGH>, Task<2582, HIGH>]), (2, [Task<2586, HIGH>, Task<586, LOW>]), (3, [Task<588, LOW>, Task<2589, HIGH>]), (4, [Task<587, HIGH>, Task<2583, HIGH>]), (5, [Task<2587, HIGH>, Task<2584, HIGH>]), (6, [Task<2588, HIGH>, Task<589, HIGH>, Task<581, HIGH>]), (7, [Task<590, LOW>, Task<583, HIGH>])])"
59,"dict_items([(0, [Task<595, HIGH>, Task<2600, HIGH>]), (1, [Task<2595, HIGH>, Task<592, LOW>]), (2, [Task<2596, HIGH>]), (3, [Task<596, LOW>, Task<2599, HIGH>]), (4, [Task<593, HIGH>, Task<598, LOW>]), (5, [Task<2593, HIGH>, Task<594, LOW>]), (6, [Task<2594, HIGH>, Task<599, HIGH>]), (7, [Task<597, HIGH>, Task<600, LOW>])])"
60,"dict_items([(0, [Task<607, HIGH>, Task<2609, HIGH>]), (1, [Task<2607, HIGH>, Task<2610, HIGH>]), (2, [Task<2608, HIGH>, Task<602, LOW>]), (3, [Task<605, HIGH>, Task<2603, HIGH>]), (4, [Task<2605, HIGH>, Task<2604, HIGH>]), (5, [Task<2606, HIGH>, Task<609, HIGH>]), (6, [Task<601, HIGH>, Task<610, LOW>]), (7, [Task<2601, HIGH>, Task<603, HIGH>])])"
61,"dict_items([(0, [Task<620, LOW>]), (1, [Task<619, HIGH>, Task<613, HIGH>, Task<617, HIGH>]), (2, [Task<2619, HIGH>, Task<2613, HIGH>, Task<2617, HIGH>]), (3, [Task<2620, HIGH>, Task<2614, HIGH>, Task<2618, HIGH>]), (4, [Task<618, LOW>, Task<612, LOW>]), (5, [Task<614, LOW>, Task<2611, HIGH>]), (6, [Task<616, LOW>, Task<2616, HIGH>, Task<2612, HIGH>]), (7, [Task<615, HIGH>, Task<2615, HIGH>, Task<611, HIGH>])])"
62,"dict_items([(0, [Task<621, HIGH>]), (1, [Task<2621, HIGH>]), (2, [Task<2622, HIGH>]), (3, [Task<625, HIGH>, Task<2624, HIGH>]), (4, [Task<2625, HIGH>, Task<626, LOW>]), (5, [Task<2626, HIGH>, Task<624, LOW>, Task<630, LOW>, Task<627, HIGH>, Task<2627, HIGH>, Task<2628, HIGH>]), (6, [Task<622, LOW>, Task<2623, HIGH>]), (7, [Task<629, HIGH>, Task<623, HIGH>])])"
63,"dict_items([(0, [Task<635, HIGH>]), (1, [Task<2635, HIGH>]), (2, [Task<2636, HIGH>]), (3, [Task<632, LOW>, Task<640, LOW>]), (4, [Task<633, HIGH>, Task<631, HIGH>]), (5, [Task<2633, HIGH>, Task<2631, HIGH>]), (6, [Task<2634, HIGH>, Task<2632, HIGH>]), (7, [Task<637, HIGH>, Task<2637, HIGH>, Task<638, LOW>])])"
64,"dict_items([(0, [Task<649, HIGH>, Task<642, LOW>]), (1, [Task<2649, HIGH>, Task<644, LOW>]), (2, [Task<2650, HIGH>, Task<646, LOW>]), (3, [Task<643, HIGH>, Task<2642, HIGH>]), (4, [Task<2643, HIGH>, Task<647, HIGH>]), (5, [Task<2644, HIGH>, Task<2647, HIGH>]), (6, [Task<648, LOW>, Task<2641, HIGH>]), (7, [Task<650, LOW>, Task<641, HIGH>])])"
65,"dict_items([(0, [Task<657, HIGH>]), (1, [Task<2657, HIGH>]), (2, [Task<2658, HIGH>]), (3, [Task<652, LOW>, Task<2656, HIGH>]), (4, [Task<654, LOW>, Task<651, HIGH>, Task<656, LOW>]), (5, [Task<659, HIGH>, Task<653, HIGH>, Task<660, LOW>]), (6, [Task<2659, HIGH>, Task<2653, HIGH>, Task<655, HIGH>, Task<658, LOW>]), (7, [Task<2660, HIGH>, Task<2654, HIGH>, Task<2655, HIGH>])])"
66,"dict_items([(0, [Task<661, HIGH>]), (1, [Task<2661, HIGH>]), (2, [Task<2662, HIGH>]), (3, [Task<665, HIGH>, Task<662, LOW>]), (4, [Task<2665, HIGH>, Task<667, HIGH>, Task<670, LOW>]), (5, [Task<2666, HIGH>, Task<2667, HIGH>]), (6, [Task<664, LOW>, Task<669, HIGH>, Task<2668, HIGH>]), (7, [Task<668, LOW>, Task<663, HIGH>])])"
67,"dict_items([(0, [Task<677, HIGH>, Task<2673, HIGH>]), (1, [Task<2677, HIGH>, Task<2674, HIGH>]), (2, [Task<2678, HIGH>, Task<679, HIGH>, Task<2679, HIGH>, Task<2680, HIGH>]), (3, [Task<672, LOW>, Task<673, HIGH>]), (4, [Task<674, LOW>, Task<2671, HIGH>]), (5, [Task<675, HIGH>, Task<678, LOW>]), (6, [Task<2675, HIGH>, Task<676, LOW>, Task<2672, HIGH>]), (7, [Task<2676, HIGH>, Task<680, LOW>, Task<671, HIGH>])])"
68,"dict_items([(0, [Task<681, HIGH>]), (1, [Task<2681, HIGH>]), (2, [Task<2682, HIGH>]), (3, [Task<688, LOW>, Task<683, HIGH>]), (4, [Task<689, HIGH>, Task<685, HIGH>, Task<690, LOW>]), (5, [Task<2689, HIGH>, Task<2685, HIGH>, Task<682, LOW>]), (6, [Task<2690, HIGH>, Task<2686, HIGH>]), (7, [Task<687, HIGH>, Task<686, LOW>])])"
69,"dict_items([(0, [Task<700, LOW>]), (1, [Task<695, HIGH>, Task<694, LOW>]), (2, [Task<2695, HIGH>]), (3, [Task<2696, HIGH>]), (4, [Task<699, HIGH>, Task<696, LOW>]), (5, [Task<2699, HIGH>, Task<692, LOW>, Task<691, HIGH>]), (6, [Task<2700, HIGH>, Task<693, HIGH>, Task<2694, HIGH>, Task<2692, HIGH>]), (7, [Task<698, LOW>, Task<697, HIGH>, Task<2693, HIGH>, Task<2691, HIGH>])])"
70,"dict_items([(0, [Task<706, LOW>]), (1, [Task<704, LOW>, Task<2705, HIGH>, Task<2702, HIGH>]), (2, [Task<703, HIGH>, Task<2710, HIGH>]), (3, [Task<2703, HIGH>, Task<702, LOW>, Task<2701, HIGH>]), (4, [Task<2704, HIGH>, Task<705, HIGH>, Task<701, HIGH>]), (5, [Task<710, LOW>, Task<2709, HIGH>]), (6, [Task<707, HIGH>, Task<2708, HIGH>]), (7, [Task<2707, HIGH>, Task<709, HIGH>, Task<708, LOW>])])"
71,"dict_items([(0, [Task<717, HIGH>, Task<2716, HIGH>]), (1, [Task<2717, HIGH>]), (2, [Task<2718, HIGH>]), (3, [Task<718, LOW>, Task<715, HIGH>]), (4, [Task<713, HIGH>, Task<712, LOW>]), (5, [Task<2713, HIGH>, Task<720, LOW>]), (6, [Task<2714, HIGH>, Task<714, LOW>, Task<716, LOW>, Task<2715, HIGH>]), (7, [Task<719, HIGH>, Task<711, HIGH>])])"
72,"dict_items([(0, [Task<728, LOW>]), (1, [Task<722, LOW>, Task<2728, HIGH>]), (2, [Task<729, HIGH>, Task<2721, HIGH>, Task<726, LOW>]), (3, [Task<2729, HIGH>, Task<2722, HIGH>]), (4, [Task<2730, HIGH>, Task<723, HIGH>, Task<2723, HIGH>]), (5, [Task<725, HIGH>, Task<724, LOW>, Task<2727, HIGH>]), (6, [Task<2725, HIGH>, Task<730, LOW>, Task<727, HIGH>]), (7, [Task<2726, HIGH>, Task<721, HIGH>, Task<2724, HIGH>])])"
73,"dict_items([(0, [Task<734, LOW>]), (1, [Task<737, HIGH>, Task<2733, HIGH>]), (2, [Task<2737, HIGH>, Task<2734, HIGH>]), (3, [Task<2738, HIGH>, Task<736, LOW>, Task<738, LOW>]), (4, [Task<740, LOW>, Task<733, HIGH>, Task<731, HIGH>, Task<2731, HIGH>, Task<2732, HIGH>]), (5, [Task<732, LOW>, Task<2739, HIGH>]), (6, [Task<735, HIGH>, Task<2736, HIGH>]), (7, [Task<2735, HIGH>, Task<739, HIGH>])])"
74,"dict_items([(0, [Task<747, HIGH>, Task<741, HIGH>]), (1, [Task<2747, HIGH>, Task<2741, HIGH>]), (2, [Task<2748, HIGH>, Task<2742, HIGH>]), (3, [Task<744, LOW>, Task<742, LOW>]), (4, [Task<748, LOW>, Task<750, LOW>, Task<745, HIGH>]), (5, [Task<749, HIGH>, Task<743, HIGH>]), (6, [Task<2749, HIGH>, Task<2743, HIGH>]), (7, [Task<2750, HIGH>, Task<2744, HIGH>])])"
75,"dict_items([(0, [Task<756, LOW>]), (1, [Task<752, LOW>, Task<2758, HIGH>]), (2, [Task<753, HIGH>, Task<754, LOW>, Task<2755, HIGH>]), (3, [Task<2753, HIGH>, Task<757, HIGH>, Task<758, LOW>]), (4, [Task<2754, HIGH>, Task<2757, HIGH>, Task<755, HIGH>, Task<2756, HIGH>]), (5, [Task<760, LOW>, Task<2760, HIGH>]), (6, [Task<751, HIGH>, Task<759, HIGH>]), (7, [Task<2751, HIGH>, Task<2759, HIGH>])])"
76,"dict_items([(0, [Task<769, HIGH>, Task<2767, HIGH>]), (1, [Task<2769, HIGH>, Task<2768, HIGH>]), (2, [Task<2770, HIGH>, Task<768, LOW>]), (3, [Task<764, LOW>, Task<767, HIGH>]), (4, [Task<761, HIGH>, Task<770, LOW>]), (5, [Task<2761, HIGH>, Task<763, HIGH>]), (6, [Task<2762, HIGH>, Task<2763, HIGH>]), (7, [Task<766, LOW>, Task<765, HIGH>, Task<762, LOW>])])"
77,"dict_items([(0, [Task<780, LOW>]), (1, [Task<773, HIGH>, Task<772, LOW>]), (2, [Task<2773, HIGH>]), (3, [Task<2774, HIGH>]), (4, [Task<776, LOW>, Task<778, LOW>, Task<775, HIGH>]), (5, [Task<777, HIGH>, Task<771, HIGH>, Task<779, HIGH>]), (6, [Task<2777, HIGH>, Task<2771, HIGH>, Task<2779, HIGH>]), (7, [Task<2778, HIGH>, Task<2772, HIGH>, Task<2780, HIGH>])])"
78,"dict_items([(0, [Task<784, LOW>]), (1, [Task<785, HIGH>, Task<782, LOW>]), (2, [Task<2785, HIGH>]), (3, [Task<2786, HIGH>]), (4, [Task<790, LOW>, Task<786, LOW>, Task<788, LOW>]), (5, [Task<789, HIGH>, Task<781, HIGH>, Task<787, HIGH>]), (6, [Task<2789, HIGH>, Task<2781, HIGH>, Task<2787, HIGH>]), (7, [Task<2790, HIGH>, Task<2782, HIGH>, Task<2788, HIGH>])])"
79,"dict_items([(0, [Task<795, HIGH>, Task<799, HIGH>]), (1, [Task<2795, HIGH>, Task<2799, HIGH>]), (2, [Task<2796, HIGH>, Task<2800, HIGH>]), (3, [Task<792, LOW>, Task<797, HIGH>]), (4, [Task<794, LOW>, Task<796, LOW>]), (5, [Task<791, HIGH>, Task<793, HIGH>, Task<798, LOW>]), (6, [Task<2791, HIGH>, Task<2793, HIGH>]), (7, [Task<2792, HIGH>, Task<2794, HIGH>])])"
80,"dict_items([(0, [Task<808, LOW>, Task<2801, HIGH>]), (1, [Task<806, LOW>, Task<801, HIGH>, Task<2802, HIGH>]), (2, [Task<807, HIGH>, Task<805, HIGH>, Task<809, HIGH>]), (3, [Task<2807, HIGH>, Task<2805, HIGH>, Task<2809, HIGH>]), (4, [Task<2808, HIGH>, Task<2806, HIGH>, Task<2810, HIGH>]), (5, [Task<802, LOW>, Task<810, LOW>]), (6, [Task<804, LOW>, Task<2804, HIGH>]), (7, [Task<803, HIGH>, Task<2803, HIGH>])])"
81,"dict_items([(0, [Task<811, HIGH>]), (1, [Task<2811, HIGH>]), (2, [Task<2812, HIGH>]), (3, [Task<813, HIGH>, Task<820, LOW>]), (4, [Task<2813, HIGH>, Task<819, HIGH>, Task<2820, HIGH>]), (5, [Task<2814, HIGH>, Task<2819, HIGH>]), (6, [Task<815, HIGH>, Task<818, LOW>]), (7, [Task<2815, HIGH>, Task<814, LOW>])])"
82,"dict_items([(0, [Task<827, HIGH>]), (1, [Task<2827, HIGH>]), (2, [Task<2828, HIGH>]), (3, [Task<828, LOW>, Task<2829, HIGH>]), (4, [Task<826, LOW>, Task<829, HIGH>, Task<2821, HIGH>, Task<2825, HIGH>]), (5, [Task<822, LOW>, Task<830, LOW>, Task<821, HIGH>, Task<825, HIGH>]), (6, [Task<823, HIGH>, Task<2824, HIGH>, Task<2822, HIGH>, Task<2826, HIGH>]), (7, [Task<2823, HIGH>, Task<824, LOW>, Task<2830, HIGH>])])"
83,"dict_items([(0, [Task<836, LOW>]), (1, [Task<840, LOW>]), (2, [Task<832, LOW>, Task<839, HIGH>, Task<2840, HIGH>]), (3, [Task<838, LOW>, Task<2831, HIGH>, Task<2839, HIGH>]), (4, [Task<835, HIGH>, Task<2838, HIGH>, Task<2834, HIGH>]), (5, [Task<2835, HIGH>, Task<834, LOW>, Task<2833, HIGH>]), (6, [Task<2836, HIGH>, Task<831, HIGH>, Task<2832, HIGH>]), (7, [Task<837, HIGH>, Task<2837, HIGH>, Task<833, HIGH>])])"
84,"dict_items([(0, [Task<843, HIGH>]), (1, [Task<2843, HIGH>]), (2, [Task<2844, HIGH>]), (3, [Task<845, HIGH>, Task<842, LOW>]), (4, [Task<2845, HIGH>]), (5, [Task<2846, HIGH>]), (6, [Task<848, LOW>, Task<2841, HIGH>, Task<844, LOW>]), (7, [Task<846, LOW>, Task<841, HIGH>, Task<850, LOW>])])"
85,"dict_items([(0, [Task<851, HIGH>, Task<858, LOW>]), (1, [Task<2851, HIGH>]), (2, [Task<2852, HIGH>]), (3, [Task<854, LOW>, Task<860, LOW>]), (4, [Task<857, HIGH>, Task<2856, HIGH>]), (5, [Task<2857, HIGH>, Task<853, HIGH>]), (6, [Task<2858, HIGH>, Task<2853, HIGH>]), (7, [Task<855, HIGH>, Task<2855, HIGH>])])"
86,"dict_items([(0, [Task<869, HIGH>]), (1, [Task<2869, HIGH>]), (2, [Task<2870, HIGH>]), (3, [Task<865, HIGH>, Task<862, LOW>]), (4, [Task<2865, HIGH>, Task<868, LOW>]), (5, [Task<2866, HIGH>, Task<867, HIGH>, Task<2867, HIGH>]), (6, [Task<861, HIGH>, Task<866, LOW>]), (7, [Task<2861, HIGH>, Task<870, LOW>, Task<2868, HIGH>])])"
87,"dict_items([(0, [Task<875, HIGH>]), (1, [Task<2875, HIGH>]), (2, [Task<2876, HIGH>]), (3, [Task<874, LOW>, Task<872, LOW>]), (4, [Task<877, HIGH>, Task<879, HIGH>]), (5, [Task<2877, HIGH>, Task<2879, HIGH>]), (6, [Task<2878, HIGH>, Task<2880, HIGH>]), (7, [Task<878, LOW>, Task<880, LOW>, Task<876, LOW>])])"
88,"dict_items([(0, [Task<887, HIGH>, Task<2890, HIGH>]), (1, [Task<2887, HIGH>]), (2, [Task<2888, HIGH>]), (3, [Task<881, HIGH>, Task<888, LOW>]), (4, [Task<2881, HIGH>, Task<889, HIGH>]), (5, [Task<2882, HIGH>, Task<2889, HIGH>]), (6, [Task<885, HIGH>, Task<890, LOW>]), (7, [Task<2885, HIGH>, Task<886, LOW>])])"
89,"dict_items([(0, [Task<899, HIGH>]), (1, [Task<2899, HIGH>]), (2, [Task<2900, HIGH>]), (3, [Task<893, HIGH>, Task<894, LOW>]), (4, [Task<2893, HIGH>]), (5, [Task<2894, HIGH>]), (6, [Task<898, LOW>, Task<897, HIGH>, Task<2897, HIGH>, Task<900, LOW>]), (7, [Task<892, LOW>, Task<896, LOW>, Task<2898, HIGH>])])"
90,"dict_items([(0, [Task<905, HIGH>]), (1, [Task<2905, HIGH>]), (2, [Task<2906, HIGH>]), (3, [Task<904, LOW>, Task<2907, HIGH>]), (4, [Task<903, HIGH>, Task<2902, HIGH>, Task<907, HIGH>, Task<2908, HIGH>]), (5, [Task<2903, HIGH>, Task<908, LOW>, Task<910, LOW>]), (6, [Task<2904, HIGH>, Task<902, LOW>, Task<909, HIGH>]), (7, [Task<901, HIGH>, Task<2901, HIGH>, Task<2909, HIGH>])])"
91,"dict_items([(0, [Task<918, LOW>]), (1, [Task<916, LOW>, Task<914, LOW>, Task<911, HIGH>]), (2, [Task<917, HIGH>, Task<919, HIGH>, Task<920, LOW>]), (3, [Task<2917, HIGH>, Task<2919, HIGH>]), (4, [Task<2918, HIGH>, Task<2920, HIGH>]), (5, [Task<912, LOW>, Task<2913, HIGH>]), (6, [Task<915, HIGH>, Task<2916, HIGH>, Task<2912, HIGH>]), (7, [Task<2915, HIGH>, Task<913, HIGH>, Task<2911, HIGH>])])"
92,"dict_items([(0, [Task<929, HIGH>]), (1, [Task<2929, HIGH>]), (2, [Task<2930, HIGH>]), (3, [Task<926, LOW>]), (4, [Task<923, HIGH>, Task<927, HIGH>, Task<928, LOW>]), (5, [Task<2923, HIGH>, Task<2927, HIGH>, Task<924, LOW>]), (6, [Task<2924, HIGH>, Task<2928, HIGH>, Task<925, HIGH>, Task<2925, HIGH>, Task<2926, HIGH>]), (7, [Task<921, HIGH>, Task<930, LOW>])])"
93,"dict_items([(0, [Task<940, LOW>]), (1, [Task<939, HIGH>, Task<938, LOW>]), (2, [Task<2939, HIGH>, Task<931, HIGH>]), (3, [Task<2940, HIGH>, Task<2931, HIGH>]), (4, [Task<932, LOW>, Task<2936, HIGH>]), (5, [Task<936, LOW>, Task<2935, HIGH>, Task<2938, HIGH>]), (6, [Task<933, HIGH>, Task<2934, HIGH>, Task<2937, HIGH>, Task<934, LOW>]), (7, [Task<2933, HIGH>, Task<935, HIGH>, Task<937, HIGH>, Task<2932, HIGH>])])"
94,"dict_items([(0, [Task<950, LOW>]), (1, [Task<944, LOW>]), (2, [Task<942, LOW>, Task<948, LOW>, Task<2941, HIGH>]), (3, [Task<945, HIGH>, Task<947, HIGH>, Task<949, HIGH>]), (4, [Task<2945, HIGH>, Task<2947, HIGH>, Task<2949, HIGH>]), (5, [Task<2946, HIGH>, Task<2948, HIGH>, Task<2950, HIGH>]), (6, [Task<946, LOW>, Task<2944, HIGH>]), (7, [Task<943, HIGH>, Task<2943, HIGH>, Task<941, HIGH>, Task<2942, HIGH>])])"
95,"dict_items([(0, [Task<957, HIGH>]), (1, [Task<2957, HIGH>]), (2, [Task<2958, HIGH>]), (3, [Task<956, LOW>, Task<2953, HIGH>]), (4, [Task<960, LOW>, Task<953, HIGH>]), (5, [Task<951, HIGH>, Task<955, HIGH>, Task<952, LOW>]), (6, [Task<2951, HIGH>, Task<2955, HIGH>, Task<954, LOW>]), (7, [Task<2952, HIGH>, Task<2956, HIGH>])])"
96,"dict_items([(0, [Task<967, HIGH>]), (1, [Task<2967, HIGH>]), (2, [Task<2968, HIGH>]), (3, [Task<966, LOW>, Task<964, LOW>, Task<965, HIGH>, Task<2965, HIGH>, Task<963, HIGH>, Task<2964, HIGH>]), (4, [Task<970, LOW>, Task<2970, HIGH>]), (5, [Task<962, LOW>, Task<2969, HIGH>]), (6, [Task<961, HIGH>, Task<2962, HIGH>]), (7, [Task<2961, HIGH>, Task<969, HIGH>, Task<968, LOW>, Task<2966, HIGH>, Task<2963, HIGH>])])"
97,"dict_items([(0, [Task<980, LOW>]), (1, [Task<976, LOW>]), (2, [Task<971, HIGH>, Task<974, LOW>]), (3, [Task<2971, HIGH>, Task<977, HIGH>, Task<2978, HIGH>]), (4, [Task<2972, HIGH>, Task<2977, HIGH>, Task<975, HIGH>, Task<2975, HIGH>]), (5, [Task<973, HIGH>, Task<979, HIGH>, Task<2976, HIGH>]), (6, [Task<2973, HIGH>, Task<2979, HIGH>, Task<972, LOW>]), (7, [Task<2974, HIGH>, Task<2980, HIGH>])])"
98,"dict_items([(0, [Task<987, HIGH>, Task<2983, HIGH>]), (1, [Task<2987, HIGH>, Task<2984, HIGH>]), (2, [Task<2988, HIGH>, Task<989, HIGH>]), (3, [Task<988, LOW>, Task<990, LOW>]), (4, [Task<982, LOW>, Task<2986, HIGH>]), (5, [Task<984, LOW>, Task<2985, HIGH>, Task<2989, HIGH>]), (6, [Task<981, HIGH>, Task<2982, HIGH>, Task<2990, HIGH>]), (7, [Task<2981, HIGH>, Task<985, HIGH>, Task<983, HIGH>, Task<986, LOW>])])"
99,"dict_items([(0, [Task<993, HIGH>, Task<996, LOW>]), (1, [Task<2993, HIGH>, Task<994, LOW>]), (2, [Task<2994, HIGH>]), (3, [Task<1000, LOW>, Task<2991, HIGH>]), (4, [Task<998, LOW>, Task<2998, HIGH>]), (5, [Task<995, HIGH>, Task<992, LOW>, Task<991, HIGH>]), (6, [Task<2995, HIGH>, Task<999, HIGH>, Task<997, HIGH>]), (7, [Task<2996, HIGH>, Task<2999, HIGH>, Task<2997, HIGH>])])"
100,"dict_items([(0, [Task<1003, HIGH>, Task<1006, LOW>]), (1, [Task<3003, HIGH>]), (2, [Task<3004, HIGH>]), (3, [Task<1004, LOW>, Task<3002, HIGH>]), (4, [Task<1009, HIGH>, Task<3008, HIGH>]), (5, [Task<3009, HIGH>, Task<1001, HIGH>]), (6, [Task<3010, HIGH>, Task<3001, HIGH>]), (7, [Task<1007, HIGH>, Task<3007, HIGH>, Task<1005, HIGH>, Task<3005, HIGH>])])"
101,"dict_items([(0, [Task<1017, HIGH>]), (1, [Task<3017, HIGH>]), (2, [Task<3018, HIGH>]), (3, [Task<1013, HIGH>, Task<3012, HIGH>]), (4, [Task<3013, HIGH>, Task<1012, LOW>]), (5, [Task<3014, HIGH>, Task<1018, LOW>]), (6, [Task<1015, HIGH>, Task<1020, LOW>]), (7, [Task<3015, HIGH>, Task<1011, HIGH>, Task<3011, HIGH>])])"
102,"dict_items([(0, [Task<1025, HIGH>, Task<3030, HIGH>]), (1, [Task<3025, HIGH>, Task<1026, LOW>]), (2, [Task<3026, HIGH>]), (3, [Task<1022, LOW>, Task<1024, LOW>, Task<3029, HIGH>]), (4, [Task<1023, HIGH>, Task<3021, HIGH>]), (5, [Task<3023, HIGH>, Task<3022, HIGH>]), (6, [Task<3024, HIGH>, Task<1027, HIGH>]), (7, [Task<1030, LOW>, Task<1021, HIGH>, Task<1029, HIGH>])])"
103,"dict_items([(0, [Task<1034, LOW>]), (1, [Task<1032, LOW>, Task<3034, HIGH>]), (2, [Task<1035, HIGH>, Task<3032, HIGH>]), (3, [Task<3035, HIGH>, Task<1033, HIGH>, Task<1040, LOW>]), (4, [Task<3036, HIGH>, Task<3033, HIGH>, Task<1038, LOW>]), (5, [Task<1037, HIGH>, Task<1036, LOW>]), (6, [Task<3037, HIGH>, Task<1031, HIGH>]), (7, [Task<3038, HIGH>, Task<3031, HIGH>])])"
104,"dict_items([(0, [Task<1043, HIGH>, Task<1046, LOW>]), (1, [Task<3043, HIGH>, Task<1042, LOW>]), (2, [Task<3044, HIGH>]), (3, [Task<1045, HIGH>, Task<1049, HIGH>]), (4, [Task<3045, HIGH>, Task<3049, HIGH>]), (5, [Task<3046, HIGH>, Task<3050, HIGH>]), (6, [Task<1050, LOW>, Task<1044, LOW>]), (7, [Task<1047, HIGH>, Task<1048, LOW>])])"
105,"dict_items([(0, [Task<1058, LOW>]), (1, [Task<1053, HIGH>, Task<1060, LOW>]), (2, [Task<3053, HIGH>, Task<1056, LOW>]), (3, [Task<3054, HIGH>]), (4, [Task<1057, HIGH>, Task<3059, HIGH>]), (5, [Task<3057, HIGH>, Task<3060, HIGH>]), (6, [Task<3058, HIGH>, Task<1055, HIGH>]), (7, [Task<1054, LOW>, Task<1059, HIGH>, Task<1051, HIGH>])])"
106,"dict_items([(0, [Task<1070, LOW>]), (1, [Task<1068, LOW>]), (2, [Task<1063, HIGH>, Task<1065, HIGH>]), (3, [Task<3063, HIGH>, Task<3065, HIGH>]), (4, [Task<3064, HIGH>, Task<3066, HIGH>]), (5, [Task<1061, HIGH>, Task<1067, HIGH>, Task<1066, LOW>]), (6, [Task<3061, HIGH>, Task<3067, HIGH>, Task<1062, LOW>]), (7, [Task<3062, HIGH>, Task<3068, HIGH>, Task<1064, LOW>])])"
107,"dict_items([(0, [Task<1077, HIGH>]), (1, [Task<3077, HIGH>]), (2, [Task<3078, HIGH>]), (3, [Task<1072, LOW>, Task<1080, LOW>, Task<1075, HIGH>, Task<3076, HIGH>]), (4, [Task<1076, LOW>, Task<1074, LOW>, Task<3075, HIGH>, Task<1079, HIGH>, Task<3079, HIGH>, Task<3080, HIGH>]), (5, [Task<1078, LOW>, Task<3072, HIGH>]), (6, [Task<1073, HIGH>, Task<1071, HIGH>]), (7, [Task<3073, HIGH>, Task<3071, HIGH>])])"
108,"dict_items([(0, [Task<1081, HIGH>]), (1, [Task<3081, HIGH>]), (2, [Task<3082, HIGH>]), (3, [Task<1089, HIGH>, Task<1084, LOW>]), (4, [Task<3089, HIGH>, Task<1088, LOW>]), (5, [Task<3090, HIGH>, Task<1087, HIGH>, Task<1090, LOW>]), (6, [Task<1086, LOW>, Task<3086, HIGH>]), (7, [Task<1085, HIGH>, Task<3085, HIGH>])])"
109,"dict_items([(0, [Task<1100, LOW>]), (1, [Task<1091, HIGH>, Task<3096, HIGH>]), (2, [Task<3091, HIGH>, Task<1093, HIGH>, Task<1092, LOW>]), (3, [Task<3092, HIGH>, Task<3093, HIGH>, Task<1094, LOW>]), (4, [Task<1097, HIGH>, Task<1096, LOW>]), (5, [Task<3097, HIGH>, Task<1095, HIGH>]), (6, [Task<3098, HIGH>, Task<3095, HIGH>]), (7, [Task<1099, HIGH>, Task<3099, HIGH>])])"
110,"dict_items([(0, [Task<1107, HIGH>, Task<3103, HIGH>]), (1, [Task<3107, HIGH>, Task<3104, HIGH>]), (2, [Task<3108, HIGH>, Task<1104, LOW>]), (3, [Task<1106, LOW>, Task<3101, HIGH>, Task<1110, LOW>]), (4, [Task<1109, HIGH>, Task<3105, HIGH>]), (5, [Task<3109, HIGH>, Task<3106, HIGH>]), (6, [Task<3110, HIGH>, Task<1101, HIGH>, Task<3102, HIGH>]), (7, [Task<1108, LOW>, Task<1105, HIGH>, Task<1103, HIGH>])])"
111,"dict_items([(0, [Task<1116, LOW>]), (1, [Task<1111, HIGH>, Task<3118, HIGH>]), (2, [Task<3111, HIGH>, Task<1114, LOW>]), (3, [Task<3112, HIGH>, Task<1112, LOW>]), (4, [Task<1120, LOW>, Task<3116, HIGH>]), (5, [Task<1118, LOW>, Task<3115, HIGH>]), (6, [Task<1113, HIGH>, Task<3114, HIGH>, Task<3117, HIGH>]), (7, [Task<3113, HIGH>, Task<1115, HIGH>, Task<1117, HIGH>])])"
112,"dict_items([(0, [Task<1128, LOW>, Task<1121, HIGH>]), (1, [Task<1123, HIGH>, Task<1129, HIGH>]), (2, [Task<3123, HIGH>, Task<3129, HIGH>]), (3, [Task<3124, HIGH>, Task<3130, HIGH>]), (4, [Task<1124, LOW>, Task<1127, HIGH>]), (5, [Task<1125, HIGH>, Task<1126, LOW>]), (6, [Task<3125, HIGH>, Task<1122, LOW>, Task<3122, HIGH>]), (7, [Task<3126, HIGH>, Task<1130, LOW>, Task<3121, HIGH>])])"
113,"dict_items([(0, [Task<1137, HIGH>, Task<3140, HIGH>]), (1, [Task<3137, HIGH>, Task<1132, LOW>]), (2, [Task<3138, HIGH>, Task<1133, HIGH>, Task<3134, HIGH>]), (3, [Task<1138, LOW>, Task<3139, HIGH>]), (4, [Task<1136, LOW>, Task<3132, HIGH>]), (5, [Task<1134, LOW>, Task<3131, HIGH>, Task<3133, HIGH>]), (6, [Task<1135, HIGH>, Task<3136, HIGH>, Task<1139, HIGH>]), (7, [Task<3135, HIGH>, Task<1131, HIGH>, Task<1140, LOW>])])"
114,"dict_items([(0, [Task<1145, HIGH>, Task<1144, LOW>]), (1, [Task<3145, HIGH>, Task<1146, LOW>]), (2, [Task<3146, HIGH>]), (3, [Task<1150, LOW>, Task<1149, HIGH>]), (4, [Task<1148, LOW>, Task<3142, HIGH>, Task<3144, HIGH>]), (5, [Task<1142, LOW>, Task<3141, HIGH>, Task<3143, HIGH>]), (6, [Task<1147, HIGH>, Task<3148, HIGH>]), (7, [Task<3147, HIGH>, Task<1141, HIGH>, Task<1143, HIGH>])])"
115,"dict_items([(0, [Task<1152, LOW>]), (1, [Task<1155, HIGH>]), (2, [Task<3155, HIGH>]), (3, [Task<3156, HIGH>]), (4, [Task<1156, LOW>, Task<1151, HIGH>, Task<3151, HIGH>]), (5, [Task<1159, HIGH>, Task<1157, HIGH>, Task<3152, HIGH>]), (6, [Task<3159, HIGH>, Task<3157, HIGH>, Task<1158, LOW>]), (7, [Task<3160, HIGH>, Task<3158, HIGH>, Task<1153, HIGH>, Task<3153, HIGH>, Task<3154, HIGH>, Task<1160, LOW>])])"
116,"dict_items([(0, [Task<1170, LOW>]), (1, [Task<1167, HIGH>, Task<3165, HIGH>]), (2, [Task<3167, HIGH>, Task<3166, HIGH>]), (3, [Task<3168, HIGH>, Task<1161, HIGH>, Task<1168, LOW>]), (4, [Task<1166, LOW>, Task<1165, HIGH>]), (5, [Task<1162, LOW>, Task<3169, HIGH>, Task<3161, HIGH>]), (6, [Task<1163, HIGH>, Task<3164, HIGH>, Task<1164, LOW>, Task<3162, HIGH>]), (7, [Task<3163, HIGH>, Task<1169, HIGH>, Task<3170, HIGH>])])"
117,"dict_items([(0, [Task<1174, LOW>]), (1, [Task<1172, LOW>, Task<1178, LOW>]), (2, [Task<1173, HIGH>, Task<1180, LOW>]), (3, [Task<3173, HIGH>, Task<1171, HIGH>, Task<3172, HIGH>]), (4, [Task<3174, HIGH>, Task<3171, HIGH>, Task<1176, LOW>]), (5, [Task<1175, HIGH>, Task<1179, HIGH>]), (6, [Task<3175, HIGH>, Task<3179, HIGH>]), (7, [Task<3176, HIGH>, Task<3180, HIGH>])])"
118,"dict_items([(0, [Task<1186, LOW>]), (1, [Task<1189, HIGH>, Task<3184, HIGH>]), (2, [Task<3189, HIGH>, Task<1181, HIGH>, Task<3182, HIGH>]), (3, [Task<3190, HIGH>, Task<3181, HIGH>, Task<1185, HIGH>, Task<3185, HIGH>, Task<3186, HIGH>]), (4, [Task<1187, HIGH>, Task<1190, LOW>]), (5, [Task<3187, HIGH>, Task<1183, HIGH>]), (6, [Task<3188, HIGH>, Task<3183, HIGH>]), (7, [Task<1182, LOW>, Task<1188, LOW>])])"
119,"dict_items([(0, [Task<1200, LOW>]), (1, [Task<1191, HIGH>, Task<1195, HIGH>]), (2, [Task<3191, HIGH>, Task<3195, HIGH>]), (3, [Task<3192, HIGH>, Task<3196, HIGH>]), (4, [Task<1198, LOW>, Task<3194, HIGH>]), (5, [Task<1199, HIGH>, Task<1192, LOW>]), (6, [Task<3199, HIGH>, Task<1193, HIGH>, Task<1194, LOW>]), (7, [Task<3200, HIGH>, Task<3193, HIGH>])])"
120,"dict_items([(0, [Task<1207, HIGH>, Task<3205, HIGH>]), (1, [Task<3207, HIGH>, Task<3206, HIGH>]), (2, [Task<3208, HIGH>, Task<1206, LOW>]), (3, [Task<1209, HIGH>, Task<3201, HIGH>]), (4, [Task<3209, HIGH>, Task<3202, HIGH>]), (5, [Task<3210, HIGH>, Task<1202, LOW>, Task<1205, HIGH>]), (6, [Task<1208, LOW>, Task<1201, HIGH>]), (7, [Task<1210, LOW>, Task<1204, LOW>])])"
121,"dict_items([(0, [Task<1220, LOW>]), (1, [Task<1211, HIGH>, Task<1213, HIGH>, Task<1212, LOW>]), (2, [Task<3211, HIGH>, Task<3213, HIGH>, Task<1217, HIGH>]), (3, [Task<3212, HIGH>, Task<3214, HIGH>, Task<3217, HIGH>]), (4, [Task<1216, LOW>, Task<1218, LOW>, Task<1214, LOW>]), (5, [Task<1215, HIGH>, Task<1219, HIGH>]), (6, [Task<3215, HIGH>, Task<3219, HIGH>]), (7, [Task<3216, HIGH>, Task<3220, HIGH>])])"
122,"dict_items([(0, [Task<1228, LOW>]), (1, [Task<1227, HIGH>]), (2, [Task<3227, HIGH>]), (3, [Task<3228, HIGH>]), (4, [Task<1221, HIGH>, Task<1224, LOW>, Task<3224, HIGH>]), (5, [Task<3221, HIGH>, Task<1229, HIGH>, Task<3230, HIGH>]), (6, [Task<3222, HIGH>, Task<3229, HIGH>, Task<1223, HIGH>, Task<3223, HIGH>]), (7, [Task<1225, HIGH>, Task<3225, HIGH>])])"
123,"dict_items([(0, [Task<1232, LOW>]), (1, [Task<1237, HIGH>, Task<1236, LOW>]), (2, [Task<3237, HIGH>, Task<1240, LOW>]), (3, [Task<3238, HIGH>, Task<1239, HIGH>]), (4, [Task<1235, HIGH>, Task<3232, HIGH>]), (5, [Task<3235, HIGH>, Task<1233, HIGH>, Task<3239, HIGH>]), (6, [Task<3236, HIGH>, Task<3233, HIGH>, Task<3240, HIGH>]), (7, [Task<1231, HIGH>, Task<3231, HIGH>])])"
124,"dict_items([(0, [Task<1244, LOW>, Task<3242, HIGH>]), (1, [Task<1247, HIGH>, Task<1246, LOW>]), (2, [Task<3247, HIGH>, Task<1241, HIGH>]), (3, [Task<3248, HIGH>, Task<3241, HIGH>]), (4, [Task<1243, HIGH>, Task<1245, HIGH>]), (5, [Task<3243, HIGH>, Task<3245, HIGH>]), (6, [Task<3244, HIGH>, Task<3246, HIGH>]), (7, [Task<1248, LOW>, Task<1242, LOW>])])"
125,"dict_items([(0, [Task<1255, HIGH>]), (1, [Task<3255, HIGH>]), (2, [Task<3256, HIGH>]), (3, [Task<1252, LOW>, Task<1251, HIGH>, Task<3252, HIGH>]), (4, [Task<1257, HIGH>, Task<3259, HIGH>, Task<3254, HIGH>]), (5, [Task<3257, HIGH>, Task<3260, HIGH>, Task<1258, LOW>]), (6, [Task<3258, HIGH>, Task<1260, LOW>, Task<1253, HIGH>]), (7, [Task<1254, LOW>, Task<1259, HIGH>, Task<3251, HIGH>, Task<3253, HIGH>])])"
126,"dict_items([(0, [Task<1262, LOW>]), (1, [Task<1269, HIGH>, Task<1265, HIGH>]), (2, [Task<3269, HIGH>, Task<3265, HIGH>]), (3, [Task<3270, HIGH>, Task<3266, HIGH>]), (4, [Task<1266, LOW>, Task<3268, HIGH>, Task<3263, HIGH>]), (5, [Task<1264, LOW>, Task<3267, HIGH>, Task<1270, LOW>]), (6, [Task<1261, HIGH>, Task<3262, HIGH>, Task<1263, HIGH>, Task<3264, HIGH>]), (7, [Task<3261, HIGH>, Task<1267, HIGH>, Task<1268, LOW>])])"
127,"dict_items([(0, [Task<1279, HIGH>]), (1, [Task<3279, HIGH>]), (2, [Task<3280, HIGH>]), (3, [Task<1272, LOW>, Task<1271, HIGH>, Task<1273, HIGH>, Task<3273, HIGH>, Task<3274, HIGH>]), (4, [Task<1275, HIGH>, Task<1280, LOW>]), (5, [Task<3275, HIGH>, Task<1278, LOW>, Task<3272, HIGH>]), (6, [Task<3276, HIGH>, Task<1276, LOW>, Task<3271, HIGH>]), (7, [Task<1277, HIGH>, Task<1274, LOW>])])"
128,"dict_items([(0, [Task<1285, HIGH>, Task<1288, LOW>]), (1, [Task<3285, HIGH>]), (2, [Task<3286, HIGH>]), (3, [Task<1286, LOW>, Task<3284, HIGH>, Task<1281, HIGH>]), (4, [Task<1284, LOW>, Task<3283, HIGH>, Task<3290, HIGH>]), (5, [Task<1282, LOW>, Task<1283, HIGH>, Task<1289, HIGH>]), (6, [Task<1290, LOW>, Task<3288, HIGH>, Task<3281, HIGH>]), (7, [Task<1287, HIGH>, Task<3287, HIGH>, Task<3289, HIGH>])])"
129,"dict_items([(0, [Task<1291, HIGH>]), (1, [Task<3291, HIGH>]), (2, [Task<3292, HIGH>]), (3, [Task<1299, HIGH>, Task<3297, HIGH>]), (4, [Task<3299, HIGH>, Task<3298, HIGH>]), (5, [Task<3300, HIGH>, Task<1296, LOW>, Task<1298, LOW>]), (6, [Task<1295, HIGH>, Task<1294, LOW>]), (7, [Task<3295, HIGH>, Task<1297, HIGH>])])"
130,"dict_items([(0, [Task<1306, LOW>]), (1, [Task<1310, LOW>, Task<1307, HIGH>, Task<1303, HIGH>]), (2, [Task<1309, HIGH>, Task<3302, HIGH>]), (3, [Task<3309, HIGH>, Task<1308, LOW>, Task<3308, HIGH>]), (4, [Task<3310, HIGH>, Task<1302, LOW>, Task<3307, HIGH>]), (5, [Task<1305, HIGH>, Task<1304, LOW>]), (6, [Task<3305, HIGH>, Task<1301, HIGH>, Task<3303, HIGH>]), (7, [Task<3306, HIGH>, Task<3301, HIGH>, Task<3304, HIGH>])])"
131,"dict_items([(0, [Task<1313, HIGH>]), (1, [Task<3313, HIGH>]), (2, [Task<3314, HIGH>]), (3, [Task<1314, LOW>, Task<1316, LOW>, Task<1315, HIGH>, Task<1312, LOW>]), (4, [Task<1318, LOW>, Task<1311, HIGH>, Task<3315, HIGH>]), (5, [Task<1317, HIGH>, Task<1319, HIGH>]), (6, [Task<3317, HIGH>, Task<3319, HIGH>]), (7, [Task<3318, HIGH>, Task<3320, HIGH>])])"
132,"dict_items([(0, [Task<1325, HIGH>]), (1, [Task<3325, HIGH>]), (2, [Task<3326, HIGH>]), (3, [Task<1327, HIGH>, Task<1323, HIGH>, Task<1321, HIGH>]), (4, [Task<3327, HIGH>, Task<3323, HIGH>, Task<3321, HIGH>]), (5, [Task<3328, HIGH>, Task<3324, HIGH>, Task<3322, HIGH>]), (6, [Task<1322, LOW>, Task<3329, HIGH>]), (7, [Task<1326, LOW>, Task<1329, HIGH>, Task<1328, LOW>])])"
133,"dict_items([(0, [Task<1333, HIGH>]), (1, [Task<3333, HIGH>]), (2, [Task<3334, HIGH>]), (3, [Task<1340, LOW>, Task<3332, HIGH>]), (4, [Task<1332, LOW>, Task<3338, HIGH>, Task<1331, HIGH>]), (5, [Task<1336, LOW>, Task<1337, HIGH>, Task<3337, HIGH>, Task<1339, HIGH>, Task<3331, HIGH>]), (6, [Task<1338, LOW>, Task<3336, HIGH>, Task<3340, HIGH>]), (7, [Task<1334, LOW>, Task<1335, HIGH>, Task<3335, HIGH>, Task<3339, HIGH>])])"
134,"dict_items([(0, [Task<1343, HIGH>, Task<3345, HIGH>]), (1, [Task<3343, HIGH>, Task<3346, HIGH>]), (2, [Task<3344, HIGH>, Task<1346, LOW>]), (3, [Task<1347, HIGH>, Task<3349, HIGH>]), (4, [Task<3347, HIGH>, Task<3350, HIGH>]), (5, [Task<3348, HIGH>, Task<1350, LOW>, Task<1345, HIGH>]), (6, [Task<1344, LOW>, Task<1349, HIGH>]), (7, [Task<1342, LOW>, Task<1341, HIGH>])])"
135,"dict_items([(0, [Task<1359, HIGH>]), (1, [Task<3359, HIGH>]), (2, [Task<3360, HIGH>]), (3, [Task<1357, HIGH>]), (4, [Task<3357, HIGH>]), (5, [Task<3358, HIGH>]), (6, [Task<1358, LOW>, Task<1354, LOW>, Task<1360, LOW>, Task<3353, HIGH>, Task<1356, LOW>]), (7, [Task<1355, HIGH>, Task<1352, LOW>, Task<1353, HIGH>, Task<3354, HIGH>])])"
136,"dict_items([(0, [Task<1367, HIGH>, Task<1368, LOW>]), (1, [Task<3367, HIGH>]), (2, [Task<3368, HIGH>]), (3, [Task<1366, LOW>, Task<1370, LOW>]), (4, [Task<1369, HIGH>, Task<1363, HIGH>]), (5, [Task<3369, HIGH>, Task<3363, HIGH>]), (6, [Task<3370, HIGH>, Task<3364, HIGH>]), (7, [Task<1361, HIGH>, Task<1362, LOW>])])"
137,"dict_items([(0, [Task<1380, LOW>]), (1, [Task<1372, LOW>, Task<1373, HIGH>]), (2, [Task<1375, HIGH>, Task<1371, HIGH>, Task<3373, HIGH>]), (3, [Task<3375, HIGH>, Task<3371, HIGH>, Task<3374, HIGH>]), (4, [Task<3376, HIGH>, Task<3372, HIGH>]), (5, [Task<1377, HIGH>, Task<1376, LOW>]), (6, [Task<3377, HIGH>, Task<1378, LOW>]), (7, [Task<3378, HIGH>, Task<1374, LOW>])])"
138,"dict_items([(0, [Task<1385, HIGH>]), (1, [Task<3385, HIGH>]), (2, [Task<3386, HIGH>]), (3, [Task<1390, LOW>, Task<3388, HIGH>]), (4, [Task<1388, LOW>, Task<3381, HIGH>, Task<1389, HIGH>, Task<1386, LOW>]), (5, [Task<1382, LOW>, Task<1381, HIGH>, Task<3382, HIGH>, Task<3390, HIGH>]), (6, [Task<1383, HIGH>, Task<3384, HIGH>]), (7, [Task<3383, HIGH>, Task<1384, LOW>, Task<3389, HIGH>, Task<1387, HIGH>, Task<3387, HIGH>])])"
139,"dict_items([(0, [Task<1399, HIGH>]), (1, [Task<3399, HIGH>]), (2, [Task<3400, HIGH>]), (3, [Task<1392, LOW>, Task<1400, LOW>]), (4, [Task<1396, LOW>, Task<1398, LOW>]), (5, [Task<1391, HIGH>, Task<1393, HIGH>, Task<1397, HIGH>]), (6, [Task<3391, HIGH>, Task<3393, HIGH>, Task<3397, HIGH>]), (7, [Task<3392, HIGH>, Task<3394, HIGH>, Task<3398, HIGH>])])"
140,"dict_items([(0, [Task<1401, HIGH>]), (1, [Task<3401, HIGH>]), (2, [Task<3402, HIGH>]), (3, [Task<1403, HIGH>, Task<1404, LOW>]), (4, [Task<3403, HIGH>, Task<1402, LOW>]), (5, [Task<3404, HIGH>, Task<1406, LOW>, Task<1408, LOW>]), (6, [Task<1407, HIGH>, Task<1409, HIGH>]), (7, [Task<3407, HIGH>, Task<3409, HIGH>])])"
141,"dict_items([(0, [Task<1418, LOW>, Task<3419, HIGH>]), (1, [Task<1411, HIGH>, Task<3413, HIGH>]), (2, [Task<3411, HIGH>, Task<3414, HIGH>]), (3, [Task<3412, HIGH>, Task<1419, HIGH>]), (4, [Task<1416, LOW>, Task<1413, HIGH>, Task<1414, LOW>]), (5, [Task<1417, HIGH>, Task<1415, HIGH>, Task<1412, LOW>]), (6, [Task<3417, HIGH>, Task<3415, HIGH>]), (7, [Task<3418, HIGH>, Task<3416, HIGH>])])"
142,"dict_items([(0, [Task<1428, LOW>, Task<1430, LOW>]), (1, [Task<1425, HIGH>, Task<3429, HIGH>]), (2, [Task<3425, HIGH>, Task<3430, HIGH>]), (3, [Task<3426, HIGH>, Task<1422, LOW>]), (4, [Task<1427, HIGH>, Task<3423, HIGH>]), (5, [Task<3427, HIGH>, Task<3424, HIGH>]), (6, [Task<3428, HIGH>, Task<1429, HIGH>]), (7, [Task<1424, LOW>, Task<1423, HIGH>])])"
143,"dict_items([(0, [Task<1439, HIGH>, Task<1431, HIGH>, Task<1435, HIGH>]), (1, [Task<3439, HIGH>, Task<3431, HIGH>, Task<3435, HIGH>]), (2, [Task<3440, HIGH>, Task<3432, HIGH>, Task<3436, HIGH>]), (3, [Task<1437, HIGH>, Task<1433, HIGH>]), (4, [Task<3437, HIGH>, Task<3433, HIGH>]), (5, [Task<3438, HIGH>, Task<3434, HIGH>]), (6, [Task<1432, LOW>, Task<1440, LOW>]), (7, [Task<1436, LOW>, Task<1438, LOW>])])"
144,"dict_items([(0, [Task<1448, LOW>]), (1, [Task<1447, HIGH>]), (2, [Task<3447, HIGH>]), (3, [Task<3448, HIGH>]), (4, [Task<1450, LOW>, Task<1445, HIGH>]), (5, [Task<1449, HIGH>, Task<1446, LOW>, Task<1443, HIGH>, Task<1444, LOW>]), (6, [Task<3449, HIGH>, Task<1442, LOW>, Task<3442, HIGH>, Task<3444, HIGH>, Task<3446, HIGH>]), (7, [Task<3450, HIGH>, Task<1441, HIGH>, Task<3441, HIGH>, Task<3443, HIGH>, Task<3445, HIGH>])])"
145,"dict_items([(0, [Task<1451, HIGH>]), (1, [Task<3451, HIGH>]), (2, [Task<3452, HIGH>]), (3, [Task<1457, HIGH>, Task<1454, LOW>]), (4, [Task<3457, HIGH>]), (5, [Task<3458, HIGH>]), (6, [Task<1456, LOW>, Task<1458, LOW>]), (7, [Task<1452, LOW>, Task<1460, LOW>, Task<1455, HIGH>, Task<1459, HIGH>])])"
146,"dict_items([(0, [Task<1467, HIGH>]), (1, [Task<3467, HIGH>]), (2, [Task<3468, HIGH>]), (3, [Task<1464, LOW>, Task<3470, HIGH>]), (4, [Task<1462, LOW>, Task<1470, LOW>, Task<3464, HIGH>]), (5, [Task<1465, HIGH>, Task<1468, LOW>, Task<1469, HIGH>, Task<1463, HIGH>]), (6, [Task<3465, HIGH>, Task<1466, LOW>, Task<3462, HIGH>, Task<3463, HIGH>]), (7, [Task<3466, HIGH>, Task<1461, HIGH>, Task<3461, HIGH>, Task<3469, HIGH>])])"
147,"dict_items([(0, [Task<1476, LOW>]), (1, [Task<1474, LOW>, Task<1472, LOW>]), (2, [Task<1478, LOW>, Task<3480, HIGH>]), (3, [Task<1471, HIGH>, Task<3477, HIGH>, Task<3474, HIGH>]), (4, [Task<3471, HIGH>, Task<3478, HIGH>, Task<1480, LOW>]), (5, [Task<3472, HIGH>, Task<1479, HIGH>, Task<1473, HIGH>]), (6, [Task<1475, HIGH>, Task<3476, HIGH>, Task<3473, HIGH>]), (7, [Task<3475, HIGH>, Task<1477, HIGH>, Task<3479, HIGH>])])"
148,"dict_items([(0, [Task<1481, HIGH>]), (1, [Task<3481, HIGH>]), (2, [Task<3482, HIGH>]), (3, [Task<1486, LOW>, Task<3483, HIGH>, Task<1484, LOW>]), (4, [Task<1487, HIGH>, Task<1488, LOW>]), (5, [Task<3487, HIGH>, Task<1482, LOW>]), (6, [Task<3488, HIGH>, Task<1483, HIGH>, Task<3484, HIGH>]), (7, [Task<1489, HIGH>, Task<1490, LOW>])])"
149,"dict_items([(0, [Task<1492, LOW>]), (1, [Task<1493, HIGH>, Task<1494, LOW>]), (2, [Task<3493, HIGH>, Task<1495, HIGH>, Task<3500, HIGH>]), (3, [Task<3494, HIGH>, Task<3495, HIGH>, Task<1496, LOW>]), (4, [Task<1498, LOW>, Task<3492, HIGH>]), (5, [Task<1497, HIGH>, Task<1500, LOW>, Task<3499, HIGH>]), (6, [Task<3497, HIGH>, Task<1491, HIGH>, Task<3496, HIGH>]), (7, [Task<3498, HIGH>, Task<3491, HIGH>, Task<1499, HIGH>])])"
150,"dict_items([(0, [Task<1508, LOW>, Task<3502, HIGH>]), (1, [Task<1507, HIGH>, Task<1506, LOW>]), (2, [Task<3507, HIGH>, Task<1504, LOW>]), (3, [Task<3508, HIGH>, Task<1501, HIGH>]), (4, [Task<1510, LOW>, Task<3506, HIGH>]), (5, [Task<1502, LOW>, Task<3503, HIGH>, Task<3505, HIGH>]), (6, [Task<1509, HIGH>, Task<3510, HIGH>, Task<1505, HIGH>, Task<3501, HIGH>]), (7, [Task<3509, HIGH>, Task<1503, HIGH>, Task<3504, HIGH>])])"
151,"dict_items([(0, [Task<1518, LOW>]), (1, [Task<1511, HIGH>, Task<3520, HIGH>]), (2, [Task<3511, HIGH>, Task<1517, HIGH>]), (3, [Task<3512, HIGH>, Task<3517, HIGH>]), (4, [Task<1516, LOW>, Task<3514, HIGH>, Task<1520, LOW>]), (5, [Task<1514, LOW>, Task<3513, HIGH>, Task<3518, HIGH>]), (6, [Task<1515, HIGH>, Task<3516, HIGH>, Task<3519, HIGH>]), (7, [Task<3515, HIGH>, Task<1513, HIGH>, Task<1519, HIGH>])])"
152,"dict_items([(0, [Task<1526, LOW>, Task<3522, HIGH>]), (1, [Task<1527, HIGH>, Task<1530, LOW>]), (2, [Task<3527, HIGH>, Task<1521, HIGH>]), (3, [Task<3528, HIGH>, Task<3521, HIGH>]), (4, [Task<1525, HIGH>, Task<1524, LOW>]), (5, [Task<3525, HIGH>, Task<1523, HIGH>]), (6, [Task<3526, HIGH>, Task<3523, HIGH>]), (7, [Task<1529, HIGH>, Task<1522, LOW>, Task<1528, LOW>])])"
153,"dict_items([(0, [Task<1536, LOW>, Task<1532, LOW>]), (1, [Task<1535, HIGH>, Task<1537, HIGH>]), (2, [Task<3535, HIGH>, Task<3537, HIGH>]), (3, [Task<3536, HIGH>, Task<3538, HIGH>]), (4, [Task<1538, LOW>, Task<1534, LOW>]), (5, [Task<1533, HIGH>, Task<1531, HIGH>, Task<1539, HIGH>]), (6, [Task<3533, HIGH>, Task<3531, HIGH>, Task<3539, HIGH>]), (7, [Task<3534, HIGH>, Task<3532, HIGH>, Task<3540, HIGH>])])"
154,"dict_items([(0, [Task<1545, HIGH>]), (1, [Task<3545, HIGH>]), (2, [Task<3546, HIGH>]), (3, [Task<1548, LOW>, Task<1543, HIGH>]), (4, [Task<1549, HIGH>, Task<3541, HIGH>]), (5, [Task<3549, HIGH>, Task<3542, HIGH>]), (6, [Task<3550, HIGH>, Task<1542, LOW>]), (7, [Task<1550, LOW>, Task<1541, HIGH>, Task<1544, LOW>])])"
155,"dict_items([(0, [Task<1559, HIGH>]), (1, [Task<3559, HIGH>]), (2, [Task<3560, HIGH>]), (3, [Task<1553, HIGH>, Task<1555, HIGH>]), (4, [Task<3553, HIGH>, Task<3555, HIGH>]), (5, [Task<3554, HIGH>, Task<3556, HIGH>]), (6, [Task<1560, LOW>, Task<3552, HIGH>]), (7, [Task<1556, LOW>, Task<1551, HIGH>, Task<3551, HIGH>])])"
156,"dict_items([(0, [Task<1563, HIGH>]), (1, [Task<3563, HIGH>]), (2, [Task<3564, HIGH>]), (3, [Task<1566, LOW>, Task<1567, HIGH>, Task<1562, LOW>]), (4, [Task<1564, LOW>, Task<3561, HIGH>, Task<1569, HIGH>, Task<3569, HIGH>]), (5, [Task<1568, LOW>, Task<1561, HIGH>, Task<3562, HIGH>]), (6, [Task<1565, HIGH>, Task<3566, HIGH>, Task<3570, HIGH>]), (7, [Task<3565, HIGH>, Task<1570, LOW>, Task<3567, HIGH>])])"
157,"dict_items([(0, [Task<1571, HIGH>]), (1, [Task<3571, HIGH>]), (2, [Task<3572, HIGH>]), (3, [Task<1575, HIGH>, Task<1578, LOW>]), (4, [Task<3575, HIGH>, Task<1580, LOW>]), (5, [Task<3576, HIGH>, Task<1574, LOW>, Task<1576, LOW>]), (6, [Task<1579, HIGH>, Task<3580, HIGH>]), (7, [Task<3579, HIGH>, Task<1572, LOW>])])"
158,"dict_items([(0, [Task<1584, LOW>]), (1, [Task<1587, HIGH>, Task<1583, HIGH>, Task<1582, LOW>]), (2, [Task<3587, HIGH>, Task<3583, HIGH>]), (3, [Task<3588, HIGH>, Task<3584, HIGH>]), (4, [Task<1581, HIGH>, Task<1585, HIGH>]), (5, [Task<3581, HIGH>, Task<3585, HIGH>]), (6, [Task<3582, HIGH>, Task<3586, HIGH>]), (7, [Task<1589, HIGH>, Task<3589, HIGH>, Task<1586, LOW>])])"
159,"dict_items([(0, [Task<1591, HIGH>]), (1, [Task<3591, HIGH>]), (2, [Task<3592, HIGH>]), (3, [Task<1593, HIGH>, Task<1599, HIGH>]), (4, [Task<3593, HIGH>, Task<3599, HIGH>]), (5, [Task<3594, HIGH>, Task<3600, HIGH>]), (6, [Task<1596, LOW>, Task<1592, LOW>, Task<1595, HIGH>]), (7, [Task<1594, LOW>, Task<1600, LOW>, Task<1598, LOW>, Task<3595, HIGH>])])"
160,"dict_items([(0, [Task<1606, LOW>]), (1, [Task<1610, LOW>, Task<1602, LOW>]), (2, [Task<1605, HIGH>, Task<1607, HIGH>]), (3, [Task<3605, HIGH>, Task<3607, HIGH>]), (4, [Task<3606, HIGH>, Task<3608, HIGH>]), (5, [Task<1603, HIGH>, Task<1609, HIGH>, Task<1604, LOW>]), (6, [Task<3603, HIGH>, Task<3609, HIGH>, Task<1608, LOW>]), (7, [Task<3604, HIGH>, Task<3610, HIGH>])])"
161,"dict_items([(0, [Task<1611, HIGH>, Task<3613, HIGH>]), (1, [Task<3611, HIGH>, Task<3614, HIGH>]), (2, [Task<3612, HIGH>, Task<1616, LOW>]), (3, [Task<1612, LOW>, Task<1613, HIGH>]), (4, [Task<1614, LOW>, Task<1618, LOW>, Task<1615, HIGH>, Task<3615, HIGH>, Task<3616, HIGH>]), (5, [Task<1619, HIGH>, Task<1617, HIGH>]), (6, [Task<3619, HIGH>, Task<3617, HIGH>]), (7, [Task<3620, HIGH>, Task<3618, HIGH>])])"
162,"dict_items([(0, [Task<1626, LOW>, Task<3630, HIGH>]), (1, [Task<1622, LOW>, Task<3622, HIGH>, Task<1628, LOW>]), (2, [Task<1623, HIGH>, Task<1630, LOW>]), (3, [Task<3623, HIGH>, Task<1624, LOW>, Task<3629, HIGH>]), (4, [Task<3624, HIGH>, Task<1621, HIGH>, Task<3621, HIGH>, Task<1629, HIGH>]), (5, [Task<1625, HIGH>, Task<1627, HIGH>]), (6, [Task<3625, HIGH>, Task<3627, HIGH>]), (7, [Task<3626, HIGH>, Task<3628, HIGH>])])"
163,"dict_items([(0, [Task<1638, LOW>]), (1, [Task<1634, LOW>, Task<3634, HIGH>]), (2, [Task<1635, HIGH>, Task<3639, HIGH>]), (3, [Task<3635, HIGH>, Task<3640, HIGH>]), (4, [Task<3636, HIGH>, Task<1633, HIGH>]), (5, [Task<1632, LOW>, Task<1631, HIGH>, Task<3632, HIGH>, Task<3633, HIGH>]), (6, [Task<1640, LOW>, Task<3638, HIGH>, Task<1639, HIGH>]), (7, [Task<1637, HIGH>, Task<3637, HIGH>, Task<3631, HIGH>, Task<1636, LOW>])])"
164,"dict_items([(0, [Task<1650, LOW>, Task<1646, LOW>]), (1, [Task<1641, HIGH>, Task<1643, HIGH>]), (2, [Task<3641, HIGH>, Task<3643, HIGH>]), (3, [Task<3642, HIGH>, Task<3644, HIGH>]), (4, [Task<1642, LOW>, Task<3646, HIGH>]), (5, [Task<1647, HIGH>, Task<1648, LOW>]), (6, [Task<3647, HIGH>, Task<1645, HIGH>, Task<1649, HIGH>]), (7, [Task<3648, HIGH>, Task<3645, HIGH>, Task<3649, HIGH>])])"
165,"dict_items([(0, [Task<1658, LOW>]), (1, [Task<1655, HIGH>, Task<1660, LOW>]), (2, [Task<3655, HIGH>, Task<1653, HIGH>]), (3, [Task<3656, HIGH>, Task<3653, HIGH>]), (4, [Task<1651, HIGH>, Task<3657, HIGH>]), (5, [Task<3651, HIGH>, Task<3658, HIGH>]), (6, [Task<3652, HIGH>, Task<1652, LOW>, Task<3654, HIGH>]), (7, [Task<1654, LOW>, Task<1657, HIGH>, Task<1656, LOW>])])"
166,"dict_items([(0, [Task<1669, HIGH>, Task<1670, LOW>]), (1, [Task<3669, HIGH>, Task<1666, LOW>]), (2, [Task<3670, HIGH>]), (3, [Task<1667, HIGH>, Task<3665, HIGH>]), (4, [Task<3667, HIGH>, Task<3666, HIGH>]), (5, [Task<3668, HIGH>, Task<1662, LOW>]), (6, [Task<1663, HIGH>, Task<1668, LOW>]), (7, [Task<3663, HIGH>, Task<1665, HIGH>])])"
167,"dict_items([(0, [Task<1675, HIGH>]), (1, [Task<3675, HIGH>]), (2, [Task<3676, HIGH>]), (3, [Task<1674, LOW>, Task<1673, HIGH>, Task<1680, LOW>]), (4, [Task<1671, HIGH>, Task<1677, HIGH>, Task<1678, LOW>]), (5, [Task<3671, HIGH>, Task<3677, HIGH>]), (6, [Task<3672, HIGH>, Task<3678, HIGH>]), (7, [Task<1672, LOW>, Task<1676, LOW>])])"
168,"dict_items([(0, [Task<1688, LOW>]), (1, [Task<1684, LOW>, Task<1687, HIGH>, Task<3688, HIGH>]), (2, [Task<1685, HIGH>, Task<3690, HIGH>]), (3, [Task<3685, HIGH>, Task<1686, LOW>]), (4, [Task<3686, HIGH>, Task<1690, LOW>, Task<3687, HIGH>, Task<1683, HIGH>, Task<3683, HIGH>, Task<3684, HIGH>]), (5, [Task<1681, HIGH>, Task<1682, LOW>]), (6, [Task<3681, HIGH>, Task<1689, HIGH>]), (7, [Task<3682, HIGH>, Task<3689, HIGH>])])"
169,"dict_items([(0, [Task<1698, LOW>]), (1, [Task<1700, LOW>, Task<1697, HIGH>]), (2, [Task<1696, LOW>, Task<3692, HIGH>, Task<3697, HIGH>]), (3, [Task<1694, LOW>, Task<3691, HIGH>, Task<3696, HIGH>]), (4, [Task<1693, HIGH>, Task<3699, HIGH>, Task<3698, HIGH>]), (5, [Task<3693, HIGH>, Task<3700, HIGH>]), (6, [Task<3694, HIGH>, Task<1691, HIGH>, Task<3695, HIGH>]), (7, [Task<1692, LOW>, Task<1699, HIGH>, Task<1695, HIGH>])])"
170,"dict_items([(0, [Task<1710, LOW>]), (1, [Task<1708, LOW>]), (2, [Task<1701, HIGH>, Task<3706, HIGH>, Task<1704, LOW>]), (3, [Task<3701, HIGH>, Task<1709, HIGH>, Task<3710, HIGH>]), (4, [Task<3702, HIGH>, Task<3709, HIGH>, Task<1702, LOW>]), (5, [Task<1706, LOW>, Task<3705, HIGH>, Task<3708, HIGH>]), (6, [Task<1703, HIGH>, Task<3704, HIGH>, Task<3707, HIGH>]), (7, [Task<3703, HIGH>, Task<1705, HIGH>, Task<1707, HIGH>])])"
171,"dict_items([(0, [Task<1714, LOW>]), (1, [Task<1716, LOW>]), (2, [Task<1715, HIGH>, Task<1719, HIGH>]), (3, [Task<3715, HIGH>, Task<3719, HIGH>]), (4, [Task<3716, HIGH>, Task<3720, HIGH>]), (5, [Task<1712, LOW>, Task<3712, HIGH>]), (6, [Task<1720, LOW>, Task<3711, HIGH>, Task<3717, HIGH>, Task<1713, HIGH>, Task<3713, HIGH>]), (7, [Task<1718, LOW>, Task<1711, HIGH>, Task<1717, HIGH>, Task<3718, HIGH>, Task<3714, HIGH>])])"
172,"dict_items([(0, [Task<1730, LOW>]), (1, [Task<1722, LOW>]), (2, [Task<1721, HIGH>, Task<3725, HIGH>, Task<1724, LOW>]), (3, [Task<3721, HIGH>, Task<3726, HIGH>]), (4, [Task<3722, HIGH>, Task<1729, HIGH>, Task<3729, HIGH>, Task<3727, HIGH>]), (5, [Task<1728, LOW>, Task<1725, HIGH>, Task<3730, HIGH>]), (6, [Task<1723, HIGH>, Task<3724, HIGH>, Task<3728, HIGH>]), (7, [Task<3723, HIGH>, Task<1726, LOW>, Task<1727, HIGH>])])"
173,"dict_items([(0, [Task<1739, HIGH>, Task<1740, LOW>]), (1, [Task<3739, HIGH>]), (2, [Task<3740, HIGH>]), (3, [Task<1738, LOW>, Task<1732, LOW>]), (4, [Task<1736, LOW>, Task<3732, HIGH>, Task<1733, HIGH>]), (5, [Task<1735, HIGH>, Task<1734, LOW>]), (6, [Task<3735, HIGH>, Task<1731, HIGH>, Task<1737, HIGH>]), (7, [Task<3736, HIGH>, Task<3731, HIGH>, Task<3737, HIGH>])])"
174,"dict_items([(0, [Task<1743, HIGH>]), (1, [Task<3743, HIGH>]), (2, [Task<3744, HIGH>]), (3, [Task<1742, LOW>, Task<1748, LOW>, Task<1744, LOW>]), (4, [Task<1741, HIGH>, Task<1745, HIGH>, Task<1749, HIGH>]), (5, [Task<3741, HIGH>, Task<3745, HIGH>, Task<3749, HIGH>]), (6, [Task<3742, HIGH>, Task<3746, HIGH>, Task<3750, HIGH>]), (7, [Task<1746, LOW>, Task<1750, LOW>])])"
175,"dict_items([(0, [Task<1754, LOW>]), (1, [Task<1760, LOW>]), (2, [Task<1752, LOW>, Task<1751, HIGH>, Task<3751, HIGH>]), (3, [Task<1755, HIGH>, Task<1757, HIGH>, Task<3752, HIGH>]), (4, [Task<3755, HIGH>, Task<3757, HIGH>, Task<1758, LOW>]), (5, [Task<3756, HIGH>, Task<3758, HIGH>, Task<1759, HIGH>]), (6, [Task<1753, HIGH>, Task<3754, HIGH>, Task<3760, HIGH>]), (7, [Task<3753, HIGH>, Task<1756, LOW>, Task<3759, HIGH>])])"
176,"dict_items([(0, [Task<1769, HIGH>]), (1, [Task<3769, HIGH>]), (2, [Task<3770, HIGH>]), (3, [Task<1761, HIGH>, Task<1767, HIGH>, Task<1766, LOW>]), (4, [Task<3761, HIGH>, Task<3767, HIGH>]), (5, [Task<3762, HIGH>, Task<3768, HIGH>]), (6, [Task<1763, HIGH>, Task<1770, LOW>]), (7, [Task<3763, HIGH>, Task<1765, HIGH>, Task<1764, LOW>])])"
177,"dict_items([(0, [Task<1779, HIGH>]), (1, [Task<3779, HIGH>]), (2, [Task<3780, HIGH>]), (3, [Task<1774, LOW>, Task<3775, HIGH>]), (4, [Task<1771, HIGH>, Task<1778, LOW>]), (5, [Task<3771, HIGH>, Task<1772, LOW>]), (6, [Task<3772, HIGH>, Task<1775, HIGH>]), (7, [Task<1773, HIGH>, Task<3773, HIGH>, Task<1780, LOW>])])"
178,"dict_items([(0, [Task<1783, HIGH>]), (1, [Task<3783, HIGH>]), (2, [Task<3784, HIGH>]), (3, [Task<1789, HIGH>, Task<1784, LOW>]), (4, [Task<3789, HIGH>, Task<1788, LOW>]), (5, [Task<3790, HIGH>]), (6, [Task<1790, LOW>, Task<1786, LOW>]), (7, [Task<1781, HIGH>, Task<1787, HIGH>])])"
179,"dict_items([(0, [Task<1794, LOW>, Task<1797, HIGH>, Task<3797, HIGH>, Task<3798, HIGH>]), (1, [Task<1800, LOW>, Task<3795, HIGH>]), (2, [Task<1791, HIGH>, Task<3799, HIGH>]), (3, [Task<3791, HIGH>, Task<3800, HIGH>]), (4, [Task<3792, HIGH>, Task<1795, HIGH>]), (5, [Task<1796, LOW>, Task<1799, HIGH>]), (6, [Task<1793, HIGH>, Task<3794, HIGH>, Task<1792, LOW>]), (7, [Task<3793, HIGH>, Task<1798, LOW>, Task<3796, HIGH>])])"
180,"dict_items([(0, [Task<1808, LOW>, Task<1802, LOW>]), (1, [Task<1803, HIGH>, Task<1801, HIGH>]), (2, [Task<3803, HIGH>, Task<3801, HIGH>]), (3, [Task<3804, HIGH>, Task<3802, HIGH>]), (4, [Task<1805, HIGH>, Task<1807, HIGH>, Task<1809, HIGH>]), (5, [Task<3805, HIGH>, Task<3807, HIGH>, Task<3809, HIGH>]), (6, [Task<3806, HIGH>, Task<3808, HIGH>, Task<3810, HIGH>]), (7, [Task<1806, LOW>, Task<1804, LOW>])])"
181,"dict_items([(0, [Task<1813, HIGH>, Task<3815, HIGH>]), (1, [Task<3813, HIGH>, Task<3816, HIGH>]), (2, [Task<3814, HIGH>, Task<1817, HIGH>, Task<3817, HIGH>, Task<1818, LOW>]), (3, [Task<1814, LOW>, Task<1815, HIGH>]), (4, [Task<1811, HIGH>, Task<3819, HIGH>]), (5, [Task<3811, HIGH>, Task<3820, HIGH>]), (6, [Task<3812, HIGH>, Task<1816, LOW>]), (7, [Task<1812, LOW>, Task<1819, HIGH>, Task<3818, HIGH>])])"
182,"dict_items([(0, [Task<1826, LOW>]), (1, [Task<1829, HIGH>, Task<1822, LOW>]), (2, [Task<3829, HIGH>, Task<1828, LOW>, Task<3825, HIGH>]), (3, [Task<3830, HIGH>, Task<1824, LOW>, Task<1825, HIGH>, Task<3826, HIGH>]), (4, [Task<1821, HIGH>, Task<1827, HIGH>]), (5, [Task<3821, HIGH>, Task<3827, HIGH>]), (6, [Task<3822, HIGH>, Task<3828, HIGH>]), (7, [Task<1823, HIGH>, Task<1830, LOW>])])"
183,"dict_items([(0, [Task<1839, HIGH>]), (1, [Task<3839, HIGH>]), (2, [Task<3840, HIGH>]), (3, [Task<1835, HIGH>]), (4, [Task<3835, HIGH>]), (5, [Task<3836, HIGH>]), (6, [Task<1836, LOW>, Task<1831, HIGH>]), (7, [Task<1837, HIGH>, Task<3837, HIGH>, Task<1838, LOW>])])"
184,"dict_items([(0, [Task<1848, LOW>]), (1, [Task<1847, HIGH>, Task<1850, LOW>]), (2, [Task<3847, HIGH>, Task<1849, HIGH>, Task<3850, HIGH>]), (3, [Task<3848, HIGH>, Task<3849, HIGH>]), (4, [Task<1842, LOW>, Task<3841, HIGH>]), (5, [Task<1843, HIGH>, Task<1844, LOW>]), (6, [Task<3843, HIGH>, Task<1846, LOW>]), (7, [Task<3844, HIGH>, Task<1841, HIGH>, Task<3842, HIGH>])])"
185,"dict_items([(0, [Task<1854, LOW>]), (1, [Task<1851, HIGH>, Task<1855, HIGH>]), (2, [Task<3851, HIGH>, Task<3855, HIGH>]), (3, [Task<3852, HIGH>, Task<3856, HIGH>]), (4, [Task<1859, HIGH>, Task<1858, LOW>, Task<3858, HIGH>]), (5, [Task<3859, HIGH>, Task<1853, HIGH>, Task<1857, HIGH>]), (6, [Task<3860, HIGH>, Task<3853, HIGH>, Task<3857, HIGH>]), (7, [Task<1856, LOW>, Task<1860, LOW>, Task<3854, HIGH>])])"
186,"dict_items([(0, [Task<1865, HIGH>]), (1, [Task<3865, HIGH>]), (2, [Task<3866, HIGH>]), (3, [Task<1864, LOW>]), (4, [Task<1863, HIGH>, Task<1870, LOW>]), (5, [Task<3863, HIGH>, Task<1867, HIGH>, Task<3868, HIGH>, Task<3861, HIGH>]), (6, [Task<3864, HIGH>, Task<3867, HIGH>, Task<1866, LOW>, Task<1861, HIGH>, Task<3862, HIGH>]), (7, [Task<1869, HIGH>, Task<3869, HIGH>, Task<1862, LOW>])])"
187,"dict_items([(0, [Task<1871, HIGH>, Task<1874, LOW>]), (1, [Task<3871, HIGH>]), (2, [Task<3872, HIGH>]), (3, [Task<1875, HIGH>, Task<3873, HIGH>]), (4, [Task<3875, HIGH>, Task<3874, HIGH>]), (5, [Task<3876, HIGH>, Task<1878, LOW>]), (6, [Task<1872, LOW>, Task<1873, HIGH>]), (7, [Task<1877, HIGH>, Task<3877, HIGH>, Task<1876, LOW>])])"
188,"dict_items([(0, [Task<1886, LOW>]), (1, [Task<1885, HIGH>, Task<1890, LOW>]), (2, [Task<3885, HIGH>, Task<1888, LOW>]), (3, [Task<3886, HIGH>, Task<1889, HIGH>, Task<3890, HIGH>]), (4, [Task<1884, LOW>, Task<1887, HIGH>, Task<3887, HIGH>, Task<3888, HIGH>, Task<3889, HIGH>]), (5, [Task<1881, HIGH>, Task<1883, HIGH>]), (6, [Task<3881, HIGH>, Task<3883, HIGH>]), (7, [Task<3882, HIGH>, Task<3884, HIGH>])])"
189,"dict_items([(0, [Task<1900, LOW>]), (1, [Task<1898, LOW>]), (2, [Task<1891, HIGH>, Task<3893, HIGH>, Task<1899, HIGH>]), (3, [Task<3891, HIGH>, Task<3894, HIGH>, Task<3899, HIGH>]), (4, [Task<3892, HIGH>, Task<1897, HIGH>, Task<3898, HIGH>]), (5, [Task<1895, HIGH>, Task<1896, LOW>]), (6, [Task<3895, HIGH>, Task<1892, LOW>]), (7, [Task<3896, HIGH>, Task<1893, HIGH>, Task<3897, HIGH>, Task<3900, HIGH>])])"
190,"dict_items([(0, [Task<1908, LOW>]), (1, [Task<1901, HIGH>, Task<1905, HIGH>]), (2, [Task<3901, HIGH>, Task<3905, HIGH>]), (3, [Task<3902, HIGH>, Task<3906, HIGH>]), (4, [Task<1906, LOW>, Task<3910, HIGH>, Task<3904, HIGH>]), (5, [Task<1907, HIGH>, Task<1902, LOW>, Task<3903, HIGH>]), (6, [Task<3907, HIGH>, Task<1909, HIGH>, Task<1910, LOW>]), (7, [Task<3908, HIGH>, Task<3909, HIGH>, Task<1903, HIGH>])])"
191,"dict_items([(0, [Task<1914, LOW>]), (1, [Task<1913, HIGH>, Task<3919, HIGH>]), (2, [Task<3913, HIGH>, Task<3920, HIGH>]), (3, [Task<3914, HIGH>, Task<1920, LOW>, Task<1916, LOW>]), (4, [Task<1911, HIGH>, Task<3917, HIGH>]), (5, [Task<3911, HIGH>, Task<3918, HIGH>]), (6, [Task<3912, HIGH>, Task<1919, HIGH>, Task<1915, HIGH>, Task<3915, HIGH>, Task<3916, HIGH>]), (7, [Task<1912, LOW>, Task<1917, HIGH>])])"
192,"dict_items([(0, [Task<1922, LOW>]), (1, [Task<1921, HIGH>, Task<3925, HIGH>]), (2, [Task<3921, HIGH>, Task<3926, HIGH>]), (3, [Task<3922, HIGH>, Task<1927, HIGH>, Task<1924, LOW>]), (4, [Task<1930, LOW>, Task<3924, HIGH>, Task<3928, HIGH>]), (5, [Task<1929, HIGH>, Task<1928, LOW>]), (6, [Task<3929, HIGH>, Task<1923, HIGH>, Task<1926, LOW>]), (7, [Task<3930, HIGH>, Task<3923, HIGH>, Task<1925, HIGH>, Task<3927, HIGH>])])"
193,"dict_items([(0, [Task<1932, LOW>]), (1, [Task<1931, HIGH>, Task<1940, LOW>]), (2, [Task<3931, HIGH>, Task<1936, LOW>]), (3, [Task<3932, HIGH>]), (4, [Task<1935, HIGH>, Task<1933, HIGH>]), (5, [Task<3935, HIGH>, Task<3933, HIGH>]), (6, [Task<3936, HIGH>, Task<3934, HIGH>]), (7, [Task<1938, LOW>, Task<1937, HIGH>, Task<1934, LOW>])])"
194,"dict_items([(0, [Task<1943, HIGH>]), (1, [Task<3943, HIGH>]), (2, [Task<3944, HIGH>]), (3, [Task<1945, HIGH>, Task<1942, LOW>]), (4, [Task<3945, HIGH>, Task<1948, LOW>]), (5, [Task<3946, HIGH>, Task<1941, HIGH>, Task<3941, HIGH>, Task<3942, HIGH>]), (6, [Task<1947, HIGH>, Task<1949, HIGH>]), (7, [Task<3947, HIGH>, Task<3949, HIGH>])])"
195,"dict_items([(0, [Task<1959, HIGH>]), (1, [Task<3959, HIGH>]), (2, [Task<3960, HIGH>]), (3, [Task<1952, LOW>]), (4, [Task<1958, LOW>, Task<3956, HIGH>]), (5, [Task<1953, HIGH>, Task<1957, HIGH>, Task<1956, LOW>, Task<1951, HIGH>]), (6, [Task<3953, HIGH>, Task<3957, HIGH>, Task<1955, HIGH>, Task<1954, LOW>, Task<3952, HIGH>]), (7, [Task<3954, HIGH>, Task<3958, HIGH>, Task<3955, HIGH>, Task<1960, LOW>, Task<3951, HIGH>])])"
196,"dict_items([(0, [Task<1967, HIGH>, Task<1964, LOW>]), (1, [Task<3967, HIGH>]), (2, [Task<3968, HIGH>]), (3, [Task<1963, HIGH>, Task<1966, LOW>]), (4, [Task<3963, HIGH>, Task<1968, LOW>]), (5, [Task<3964, HIGH>, Task<1962, LOW>]), (6, [Task<1961, HIGH>, Task<1970, LOW>]), (7, [Task<3961, HIGH>, Task<1965, HIGH>])])"
197,"dict_items([(0, [Task<1977, HIGH>, Task<1971, HIGH>]), (1, [Task<3977, HIGH>, Task<3971, HIGH>]), (2, [Task<3978, HIGH>, Task<3972, HIGH>]), (3, [Task<1979, HIGH>, Task<1973, HIGH>]), (4, [Task<3979, HIGH>, Task<3973, HIGH>]), (5, [Task<3980, HIGH>, Task<3974, HIGH>]), (6, [Task<1975, HIGH>, Task<1980, LOW>]), (7, [Task<3975, HIGH>, Task<1976, LOW>])])"
198,"dict_items([(0, [Task<1981, HIGH>, Task<1983, HIGH>, Task<1982, LOW>]), (1, [Task<3981, HIGH>, Task<3983, HIGH>, Task<1989, HIGH>]), (2, [Task<3982, HIGH>, Task<3984, HIGH>, Task<3989, HIGH>]), (3, [Task<1990, LOW>, Task<1988, LOW>]), (4, [Task<1986, LOW>, Task<3986, HIGH>]), (5, [Task<1984, LOW>, Task<3985, HIGH>]), (6, [Task<1987, HIGH>, Task<3988, HIGH>]), (7, [Task<3987, HIGH>, Task<1985, HIGH>, Task<3990, HIGH>])])"
199,"dict_items([(0, [Task<1995, HIGH>]), (1, [Task<3995, HIGH>]), (2, [Task<3996, HIGH>]), (3, [Task<1992, LOW>, Task<3998, HIGH>]), (4, [Task<1994, LOW>, Task<3997, HIGH>, Task<1996, LOW>]), (5, [Task<1991, HIGH>, Task<2000, LOW>, Task<4000, HIGH>]), (6, [Task<3991, HIGH>, Task<1998, LOW>, Task<3999, HIGH>]), (7, [Task<3992, HIGH>, Task<1997, HIGH>, Task<1999, HIGH>])])"
